Title,Year,Sample Name,Paper Type(1 for material papers 0 for fuel cell papers),Pt Content wt/%,Zn Content wt/%,Mn Cotent wt/%,Cu Cotent wt/%,Co Cotent wt/%,Fe Cotent wt/%(ICP for metal),Fe,N Content at/%,O Content at/%,S Content at/%,Pyridinic N+metal N Content at/%,Pyrrolic N Content at/%,Graphitic N Content at/%,Oxidized N Content at/%,sum,Pyridinic N+metal N Content ratio at/%,Pyrrolic N Content ratio at/%,Graphitic N Content ratio at/%,Oxidized N Content ratio at/%,Precursor Type(mg),FeC2O4¡¤2H2O,Fe(acac)3,Fe(NO3)3,Fe(NO3)3.9H2O,FeCl2,FeCl3,Fe(SCN)3,FeSO4.7H2O,Fe(Ac)2,Ferrocene,Ferrocene(diffusion),"Tris-1,10phenanthroline iron(II) perchlorate",Fe powder,FePc,PFeTTPP,FeTMPPCl,Fe¨Ccorrole ,Fe(acac)3,hemin,ZnO,CoTMPP,Co(NO3)2.6H2O,Co(Ac)2,CoCl2,VB12,Mn(Ac)2,H2PtCl6,TMPP,Zinc nitrate hexahydrate,ZnCl2,imidazole,2-methylimidazole,H3BTT.2HCl,purchased ZIF-8,furfuryl alcohol,mPDA,nicarbazin,EDA(ethylenediamine ),ammonium peroxidisulfate ,PANI(by aniline),PAN powder,triethylenetetramine,polyimide,poly(methyl methacrylate),Pyrrole(monomer),polyacrylonitrile-polymethacrylic acid copolymer ,MWCNT,CNF,PSS coated GO ,GO,Graphene nano-platelets (GNP) ,PEI,C3N4,melamine,cyanamide,dicyandiamide ,"1,10-phenanthroline",Vulcan XC-72R,acid-treated KJ600,KJ600,BP2000,EC300,ZnO,SBA-15,MMT,SiO2,NaCl,OMS,PTFE,Fe3O4 microspheres,ZIF-NC,CTAB,F127,PVP,NaOH,Tetraethyl orthosilicate ,PmPDA-KJ600,First Pyrolysis Temperature in amonia /¡æ,First Pyrolysis Time amonia/h,First Pyrolysis Temperature in inert atomosphere/¡æ,First Pyrolysis Time inert/h,First Pyrolysis Temperature in H2 atomosphere/¡æ,First Pyrolysis Time H2/h,Rising Rate ¡æ/min,Acid Wash (1 for yes 0 for no),Acid concentration (M),Acid wash temperature/¡æ,Acid wash time/h,Second Pyrolysis temperature inert/¡æ,Second Pyrolysis time inert,Second Pyrolysis temperature amonia/¡æ,Second Pyrolysis time amonia/h,Second Pyrolysis temperature H2/¡æ,Second Pyrolysis time H2/h,Raman ID/IG ratio ,BET Surface Area cm2/g,Micropore ratio,Mesopore ratio,Macropore ratio,Onset Potential in Acid Condition (vs. RHE),Half Wave Potential in Acid Condition (vs. RHE),Durability in O2 mV/10000Cycle,Durability in N2 mV/10000Cycle,I/C Ratio(ionomer/catalyst),Effective Area cm2,Cathodic Loading Amount mg cm-2,Anodic Platinum Loading Amount mgPt cm-2,Anodic catalyst type x wt% Pt/C,Membrane,Membrane Thickness,Hot Press Temperature ¡æ,Hot Press Time min,Hot Press Pressure Mpa,Humidity %,Spray(1 for yes 0 for no),Operating Temperature ¡æ,Flowing rate of H2 ml min-1 ,Flowing rate of O2 ml min-1 ,Back Pressure Mpa,Maximum Power Density mW cm-2 ,higher than 700,Current density at 0.6V mA/cm2,Current density at 0.8V mA/cm2,Open Circuit Voltage V,Voltage 100mA cm0,Voltage 200mA cm0,Voltage 300mA cm0,Voltage 400mA cm0,Voltage 500mA cm0,Voltage 600mA cm0,Voltage 700mA cm0,Voltage 800mA cm0,Voltage 900mA cm0,Voltage 1000mA cm0,Voltage 1100mA cm0,Voltage 1200mA cm0,Voltage 1300mA cm0,Voltage 1400mA cm0,Voltage 1500mA cm0,Voltage 1600mA cm0,Voltage 1700mA cm0,Voltage 1800mA cm0,Voltage 1900mA cm0,Voltage 2000mA cm0,Voltage 2100mA cm0,Voltage 2200mA cm0,Voltage 2300mA cm0,Voltage 2400mA cm0,Voltage 2500mA cm0,Voltage 2600mA cm0,Voltage 2700mA cm0,Voltage 2800mA cm0
Studies of oxygen reduction reaction active sites and stability of nitrogen-modified carbon composite catalysts for PEM fuel cells,2010,NMCC-SiO2-1000-10,0,0,0,0,0,0,,,0.019,,0,0.001995,,0.008398,0.008607,0.019,0.105,0,0.442,0.453,FeSO4/Co(NO3)2/EDA/SiO2,,,,,,,,470,,,,,,,,,,,,,,490,,,,,,,,,,,,,,,,,,,,,,,,,,,,,,,,,,,,,,,,,,,,1000,,,,,,,,,,,,,,1000,1,,,,1,1,80,8,1000,10,,,,,,,,,,,,,,0.33,5,2,0.5,,Nafion 112,50,140,3,1.5,100,0,75,300,400,0.2068,300,0,90,0,0.8,0.58,0.525,0.47,0.435,0.41,0.38,0.36,0.335,0.315,0.295,0.27,0.245,0.225,0.20586,0.18828,0.1721,0.15714,0.14327,0.13039,0.11838,0.10716,0.09666,0.0868,0.07754,0.06882,0.06059,0.05281,0.04545
Cyanamide-derived non-precious metal catalyst for oxygen reduction,2010,CM-FeSO4-KB-1050,0,0,0,0,0,0,0.12,12,0.009,,0.055,0.002,,0.0055,,0.0075,0.266666667,0,0.733333333,0,cyanamide/FeSO4/oxidized carbon,,,,,,,,1500,,,,,,,,,,,,,,,,,,,,,,,,,,,,,,,,,,,,,,,,,,,,,,,2000,,,,1000,,,,,,,,,,,,,,,,,,,,,1050,,,,,1,1,80,8,1050,,,,,,,,,,,,,,,0.6,5,4,0.25,,Nafion 117,175,120,1.5,,100,0,80,300,500,0.2068,360,0,450,75,1,0.78,0.715,0.67,0.62,0.575,0.525,0.485,0.44,0.4,0.35,0.3033,0.26239,0.22625,0.1941,0.1653,0.13936,0.11588,0.09452,0.07501,0.05711,0.04063,0.02542,0.01132,0,0,0,0,0
Cyanamide-derived non-precious metal catalyst for oxygen reduction,2010,CM-FeSO4-KB-1000,0,0,0,0,0,0,0.12,12,0.011,,0.051,0.0025,,0.0075,,0.01,0.25,0,0.75,0,cyanamide/FeSO4/oxidized carbon,,,,,,,,1500,,,,,,,,,,,,,,,,,,,,,,,,,,,,,,,,,,,,,,,,,,,,,,,2000,,,,1000,,,,,,,,,,,,,,,,,,,,,1000,,,,,1,1,80,8,1000,,,,,,,,,,,,,,,0.6,5,4,0.25,,Nafion 117,175,120,1.5,,100,0,80,300,500,0.2068,292.5,0,300,50,1,0.75,0.675,0.6,0.545,0.49,0.44,0.4,0.36,0.325,0.29195,0.26241,0.23583,0.21179,0.18995,0.17001,0.15175,0.13495,0.11945,0.1051,0.09178,0.07938,0.06781,0.05698,0.04684,0.03731,0.02835,0.0199,0.01192
Atomically dispersed manganese catalysts for oxygen reduction in proton-exchange membrane fuel cells,2018,20Mn-NC-second,0,0,0,0.0303,0,0,,,0.013,0.011,0,0.0039,0,0.0078,0.001248,0.012948,0.301204819,0,0.602409639,0.096385542,ZIF-8/Mn(Ac)2,,,,,,,,,,,,,,,,,,,,,,,,,,8,,,32,,,80,,,,,,,,,,,,,,,,,,,,,,,,,,,,,,,,,,,,,,,,,,,,,,,,1100,1,,,,1,1,80,5,1100,1,,,,,1.38,658,0.21283,0.52152,0.26565,1,0.8,10,,1.857,5,4,0.25,,Nafion 212,50,,,,100,1,80,200,200,0.15,450,0,550,80,0.97,0.78,0.725,0.68,0.635,0.61,0.58,0.55,0.525,0.5,0.47,0.445,0.42,0.397,0.365,0.345,0.32,0.298,0.27,0.245,0.22,0.19,0.16,0.13156,0.10592,0.0827,0.06157,0.04225,0.02452
Cyanamide-derived non-precious metal catalyst for oxygen reduction,2010,CM-FeSO4-KB-900,0,0,0,0,0,0,0.12,12,0.0155,,0.004,0.005,,0.009,,0.014,0.357142857,0,0.642857143,0,cyanamide/FeSO4/oxidized carbon,,,,,,,,1500,,,,,,,,,,,,,,,,,,,,,,,,,,,,,,,,,,,,,,,,,,,,,,,2000,,,,1000,,,,,,,,,,,,,,,,,,,,,900,,,,,1,1,80,8,900,,,,,,,,,,,,,,,0.6,5,4,0.25,,Nafion 117,175,120,1.5,,100,0,80,300,500,0.2068,328.5,0,400,75,1,0.78,0.71,0.65,0.6,0.54,0.495,0.44,0.4,0.365,0.325,0.28738,0.25398,0.22414,0.1973,0.17305,0.15102,0.13092,0.11251,0.09559,0.07997,0.06552,0.05211,0.03963,0.02799,0.0171,0.0069,0,0
Studies of oxygen reduction reaction active sites and stability of nitrogen-modified carbon composite catalysts for PEM fuel cells,2010,NMCC-SiO2-1000-3,0,0,0,0,0,0,,,0.0238,,0,0.0053074,,0.0103054,0.0081872,0.0238,0.223,0,0.433,0.344,FeSO4/Co(NO3)2/EDA/SiO2,,,,,,,,470,,,,,,,,,,,,,,490,,,,,,,,,,,,,,,,,,,,,,,,,,,,,,,,,,,,,,,,,,,,1000,,,,,,,,,,,,,,1000,1,,,,1,1,80,8,1000,3,,,,,,,,,,,,,,0.33,5,2,0.5,,Nafion 112,50,140,3,1.5,100,0,75,300,400,0.2068,350,0,150,0,0.8,0.615,0.55,0.51,0.48,0.45,0.425,0.4,0.375,0.355,0.335,0.31,0.29,0.27,0.25,0.235,0.21,0.18619,0.16455,0.14478,0.12667,0.11,0.09462,0.08037,0.06714,0.05483,0.04333,0.03258,0.0225
Studies of oxygen reduction reaction active sites and stability of nitrogen-modified carbon composite catalysts for PEM fuel cells,2010,NMCC-C-800-3,0,0,0,0,0,0,,,0.0164,,0,0.0062976,,0.0064944,0.003608,0.0164,0.384,0,0.396,0.22,FeSO4/Co(NO3)2/EDA/EC300,,,,,,,,470,,,,,,,,,,,,,,490,,,,,,,,,,,,,,,,,,,,,,,,,,,,,,,,,,,,,,,,400,,,,,,,,,,,,,,,,,,800,1,,,,1,1,80,8,800,3,,,,,,,,,,,,,,0.33,5,2,0.5,,Nafion 112,50,140,3,1.5,100,0,75,300,400,0.2068,350,0,150,0,0.8,0.64,0.55,0.5,0.46,0.43,0.4,0.38,0.355,0.34,0.325,0.3,0.285,0.27,0.25,0.235,0.225,0.21531,0.20619,0.1976,0.18949,0.18183,0.17457,0.16769,0.16115,0.15494,0.14903,0.14339,0.13801
Shape Fixing via Salt Recrystallization A Morphology-Controlled Approach To Convert Nanostructured Polymer to Carbon Nanomaterial as a Highly Active Catalyst for Oxygen Reduction Reaction ,2015,CPANI-Fe-NaCl,0,0,0,0,0,0,0.121958987,12.1958987,0.03793144,0.28164094,0,0.006410339,0.004475858,,0.015589641,0.026475838,0.242120344,0.169054441,0,0.588825215,PANI/NaCl/FeCl2.6H2O,,,,,,600,,,,,,,,,,,,,,,,,,,,,,,,,,,,,,,,,,,,,,,,600,,,,,,,,,,,,,,,,,,,,,,,,,,,,,,,,,,900,3,,,6,1,0.5,80,,,,,,,,1.028,265.7723,,,,0.93,0.73,,,0.5,0.95,4,0.3,0.4,Nafion112,50,137,2,5,100,1,80,150,200,0.2,600,0,350,20,0.85,0.69,0.645,0.62,0.585,0.57,0.545,0.525,0.501,0.48,0.47,0.45,0.43,0.42,0.395,0.375,0.368,0.348,0.33,0.32,0.295,0.28,0.26556,0.25216,0.23968,0.22805,0.21717,0.20697,0.19739
In Situ Polymer Graphenization Ingrained with Nanoporosity in a Nitrogenous Electrocatalyst Boosting the Performance of Polymer-Electrolyte-Membrane Fuel Cells,2017,Fe-N-C-Phen,1,0,0,0,0,0,0.0129,1.29,0.0189,0.0398,0,0.0067,0.0036,0.0065,0.0021,0.0189,0.354497354,0.19047619,0.343915344,0.111111111,KJ600/Phen/FeAc,,,,,,,,,11.64,,,,,,,,,,,,,,,,,,,,,,,,,,,,,,,,,,,,,,,,,,,,,,,,194.17,,,194.17,,,,,,,,,,,,,,,,,,900,0.25,900,3,,,,1,1,25,8,,,,,,,0.81,416,0.19472,0.4991,0.30619,0.83,0.67,,,0.55,5,4,0.2,0.282,Nafion 115,125,120,5,5.443,100,0,80,300,400,0.1378,560,0,700,100,0.92,0.83,0.8,0.78,0.77,0.75,0.735,0.72,0.56,0.545,0.51,0.48,0.45,0.425,0.4,0.375,0.34,0.31,0.28,0.255,0.235,0.2,0.17,0.15,0.125,0.10119,0.07955,0.05978,0.04167
Reactive Multifunctional Template-Induced Preparation of Fe-N-Doped Mesoporous Carbon Microspheres Towards Highly Efficient Electrocatalysts for Oxygen Reduction,2016,Fe-NMCSs,1,0,0,0,0,0,0.005,0.5,0.0199,,0,0.006766,0.000796,0.01194,0.000398,0.0199,0.34,0.04,0.6,0.02,Fe3O4 MSs/HCl/Pyrrole/CTAB,,,,,,,,,,,,,,,,,,,,,,,,,,,,,,,,,,,,,,,,,,,,,967,,,,,,,,,,,,,,,,,,,,,,,,,150,,500,,,,,,,,950,1,,,3,0,0,,,,,,,,,,674,0.04448,0.78901,0.16651,0.91,0.735,29,,0.33,1,4,0.3,0.4,Nafion 211,25,130,2,3,100,0,80,300,200,0.1,506,0,550,140,1.07,0.81,0.775,0.74,0.69,0.65,0.62,0.58,0.54,0.5,0.455,0.4,0.34,0.25,0.15,0.05909,0,0,0,0,0,0,0,0,0,0,0,0,0
Highly Effi cient Non-Precious Metal Electrocatalysts Prepared from One-Pot Synthesized Zeolitic Imidazolate Frameworks,2014,Zn(eIm) 2 TPIP,0,0,0.0124,0,0,0,0.0114,1.14,0.01944,0.19867,0,0.007315915,0.00474168,0.001316174,0.002360108,0.015733877,0.46497853,0.301367552,0.083652237,0.150001681,Zn(elm) 2 TPI ,,,,,,,,,,,,,,,,,,,,,,,405,,,,,,,,,,,,,,1056,,,,,,,,,,,,,,,,,,,,,,,,,,,,,,,,,,,,,,,,,,,1050,1,,,,1,1,25,22,,,950,0.25,,,1.1,920,1,0,0,0.914,0.78,,,1,5,2.2,0.25,0.2,Nafion 212,50,120,2,9.0718,100,0,80,300,300,0.2,500,0,500,120,0.96,0.8,0.75,0.69,0.625,0.6,0.56,0.52,0.5,0.46,0.44,0.42,0.391,0.37,0.35,0.33,0.32,0.3,0.28,0.26,0.24,0.22,0.2,0.19,0.16,0.14,0.12,0.13086,0.11328
A Highly Active and Support-Free Oxygen Reduction Catalyst Prepared from Ultrahigh-Surface-Area Porous Polyporphyrin,2013,PFeTTPP-1000,1,0,0,0,0,0,0.0495,4.95,0.01847,,0.00485,0.00788669,0.00773893,0.00282591,,0.01845153,0.427427427,0.419419419,0.153153153,0,PFeTTPP,,,,,,,,,,,,,,,1,,,,,,,,,,,,,,,,,,,,,,,,,,,,,,,,,,,,,,,,,,,,,,,,,,,,,,,,,,,,,,,,,1000,1,,,,0,0,,,,,,,,,,903,0.93285,0.06715,0,0.93,0.76,,,1,5,4.1,0.3,0.2,Nafion211,25,130,2,9.07,100,0,80,300,300,0.15,730,1,600,25,0.9,0.75,0.71,0.675,0.65,0.625,0.6,0.575,0.555,0.54,0.52,0.5,0.49,0.475,0.455,0.44,0.425,0.405,0.395,0.38,0.36,0.34,0.325,0.305,0.29,0.275,0.25,0.225,0.20119
Highly Effi cient Non-Precious Metal Electrocatalysts Prepared from One-Pot Synthesized Zeolitic Imidazolate Frameworks,2014,Zn(4abIm) 2 TPIP,0,0,0.0159,0,0,0,0.0079,0.79,0.01954,0.16811,0,0.008271649,0.004905137,0.000982438,0.002300587,0.016459811,0.502536086,0.298006885,0.059687077,0.139769952,Zn(4ablm) 2 TPI ,,,,,,,,,,,,,,,,,,,,,,,405,,,,,,,,,,,,,,,1310.4,,,,,,,,,,,,,,,,,,,,,,,,,,,,,,,,,,,,,,,,,,1050,1,,,,1,1,25,22,,,950,0.25,,,1.08,976,1,0,0,0.904,0.76,,,1,5,2.2,0.25,0.2,Nafion 212,50,120,2,9.0718,100,0,80,300,300,0.2,460,0,375,20,0.89,0.74,0.7,0.64,0.575,0.55,0.52,0.5,0.46,0.44,0.42,0.39,0.37,0.35,0.33,0.31,0.29,0.27,0.25,0.23,0.21,0.2,0.18,0.16,0.13,0.11,0.09086,0.07328,0.0571
Highly Effi cient Non-Precious Metal Electrocatalysts Prepared from One-Pot Synthesized Zeolitic Imidazolate Frameworks,2014,Zn(mIm) 2 TPIP,0,0,0.0186,0,0,0,0.0107,1.07,0.02067,0.17144,0,0.008919914,0.004579913,0.002014031,0.001132512,0.01664637,0.535847395,0.275129833,0.120989201,0.068033571,Zn(mIm) 2 TPI ,,,,,,,,,,,,,,,,,,,,,,,405,,,,,,,,,,,,,902,,,,,,,,,,,,,,,,,,,,,,,,,,,,,,,,,,,,,,,,,,,,1050,1,,,,1,1,25,22,,,950,0.25,,,1.2,1277,1,0,0,0.902,0.76,,,1,5,2.2,0.25,0.2,Nafion 212,50,120,2,9.0718,100,0,80,300,300,0.2,620,0,725,120,0.95,0.85,0.8,0.75,0.725,0.7,0.675,0.625,0.58,0.55,0.53,0.505,0.475,0.45,0.42,0.41,0.39,0.36,0.33,0.31,0.29,0.27,0.24,0.21,0.17,0.15,0.13086,0.11328,0.0971
"A Comprehensive Investigation on Pyrolyzed Fe-N-C Composites
as Highly Efficient Electrocatalyst toward the Oxygen Reduction
Reaction of PEMFCs",2019,Fe/N/C,0,,,,,,0.015,1.5,0.0195,,0,0.0091,0.005,0,0.0048,0.0189,0.481481481,0.264550265,0,0.253968254,"1,10-phenanthroline/EC 600/(NH4)2Fe(SO4£©2.6H2O",,,,,,,,,,,,,,,,,,,,,,,,,,,,,,,,,,,,,,,,,,,,,,,,,,,,,,,,,,,,,,,,,,,,,,,,,,,,,,,,900,2,,,,,,,,,,,,,,1.1,808,,,,0.9,0.78, ,,,5,4,0.2,0.467,Nafion 211,25,,,,100,1,80,300,400,0.15,490,0,590,95,0.89,0.78,0.74,0.69,0.65,0.62,0.59,0.56,0.52,0.5,0.47,0.42,0.4,0.3,0.2,0.10909,0.03333,0,0,0,0,0,0,0,0,0,0,0,0
A carbon-nanotube-supported graphene-rich non-precious metal oxygen reduction catalyst with enhanced performance durability,2013,PANI-Fe-MWNTs,0,0,0,0,0,0,0.066,6.6,0.038,,0,0.00955,,0.02845,,0.038,0.251315789,0,0.748684211,0,MWCNTs/PANI/Fe,,,,,2910,,,,,,,,,,,,,,,,,,,,,,,,,,,,,,,,,,3333,2040,,,,,,,400,,,,,,,,,,,,,,,,,,,,,,,,,,,,,,,,,900,1,,,,1,1,80,8,900,3,,,,,,,,,,0.9,0.78,,,0.538,5,4,0.25,,Nafion 115,125,,,,100,0,85,200,400,0.28,320,0,320,50,0.98,0.76,0.68,0.6,0.55,0.5,0.46,0.42,0.38,0.34,0.32,0.28,0.26,0.24,0.22,0.20086,0.18328,0.1671,0.15214,0.13827,0.12539,0.11338,0.10216,0.09166,0.0818,0.07254,0.06382,0.05559,0.04781
"Activity, Performance, and Durability for the Reduction of Oxygen in PEM Fuel Cells, of Fe/N/C Electrocatalysts Obtained from the Pyrolysis of Metal-Organic-Framework and Iron Porphyrin Precursors",2015,NC Por_0.8-1150 Ar+NH3,0,0,0.00002,0,0,0,0.0485,4.85,0.0247,0.0135,0,0.0095589,0,0.0099294,0.0052117,0.0247,0.387,0,0.402,0.211,ZIF8/ClFeTMPP/NH3,,,,,,,,,,,,,,,,,,,122.3,,,,,,,,,,,,,,,,,,,,,900,,,,,,,,,,,,,,,,,,,,,,,,,,,,,,,,,,,,,,,,1150,1,,,,,0,,,,,950,14,,,2.12,838,0.912887828,0.087112172,,,,,,1.25,1.14,4,0.5,0.4,Nafion 211,25,140,1.5,40,100,0,80,300,300,0.1,510,0,553,,1,0.805,0.73,0.685,0.65,0.62,0.595,0.55,0.52,0.49,0.46,0.44,0.41,0.39,0.35,0.33,0.315,0.29,0.26,0.247,0.236,0.2,0.17,0.15,0.125,0.1,0.08556,0.07216,0.05968
NaCl Crystallites as Dual-Functional and Water-Removable Templates To Synthesize a Three-Dimensional Graphene-like Macroporous Fe-N?C Catalyst,2017,3D MPC,1,0,0,0,0,0,0.06,6,0.0331,,0,0.0098,0.00203,0.00203,0.00287,0.01673,0.585774059,0.121338912,0.121338912,0.171548117,PVP/NaCl/FeCl.6H2O,,,,,,6,,,,,,,,,,,,,,,,,,,,,,,,,,,,,,,,,,,,,,,,,,,,,,,,,,,,,,,,,,,,,4000,,,,,,,1000,,,,,,900,1,,,,1,25,1,6,900,2,,,,,1.21,424.3,0.12829,0.87171,0,0.89,0.76,,,0.67,1,3,0.3,0.4,Nafion 211,25,135,3,13.5,100,0,80,150,150,0.1,470,0,375,40,0.87,0.74,0.675,0.625,0.585,0.55,0.525,0.495,0.465,0.435,0.425,0.4,0.375,0.35,0.33,0.31,0.29,0.27,0.25,0.23,0.215,0.2,0.175,0.155,0.14,0.12556,0.11216,0.09968,0.08805
High-purity pyrrole-type FeN4 sites as a superior oxygen reduction electrocatalyst,2020,HP Fe-N4,1,0,0,0,0,0,,,0.025,,0,0.01,0.005,,,0.015,0.666666667,0.333333333,0,0,Polyaniline/KJ 600,,,,,,2910,,,,,,,,,,,,,,,,,,,,,,,,,,,,,,,,,3333,2040,,,,,,,,,,,,,,,,,,,,400,,,,,,,,,,,,,,,,,,900,1,,0,,,5,1,2,60,12,,,,,,,1.025,609.9,0.10195,0.62582,0.27223,0.95,0.8,26,,0.55,5,4,0.2,0.2,Nafion 211,25,130,5,,100,0,80,400,400,0.2,700,1,550,160,1.01,0.84,0.78,0.725,0.67,0.625,0.59,0.57,0.55,0.53,0.52,0.5,0.49,0.47,0.45,0.44,0.425,0.41,0.395,0.37,0.34,0.32,0.3,0.275,0.26,0.24556,0.23216,0.21968,0.20805
Iron-Containing Porphyrins Self-Assembled on ZnO Nanoparticles as Electrocatalytic Materials for Oxygen Reduction,2020,Fe-N-C-ZnO,1,0,0.02,0,0,0,0.013,1.3,0.032,0.1143,0,0.01,0.007,0.011,0.006,0.034,0.294117647,0.205882353,0.323529412,0.176470588,FeTMPP/ZnO,,33.5,,,,,,,,,,,,,,,,,,,,,,,,,,139.4,,,,,,,,,,,,,,,,,,,,,,,,,,,,,,,,,,,300,,,,,,,,,,,,,,,,,800,2,,,5,1,1,80,6,,,,,,,1.14,634,0.06322,0.53874,0.39804,0.95,0.78,22,,1.5,1,3,0.6,0.6,Nafion 211,25,140,2,4,100,0,80,300,300,0,369,0,274,0,0.95,0.7,0.575,0.53,0.5,0.45,0.425,0.4,0.375,0.35,0.325,0.3,0.275,0.26,0.24,0.22,0.2,0.17,0.147,0.126,0.099,0.06412,0.03303,0.00513,0,0,0,0,0
Iron-Containing Porphyrins Self-Assembled on ZnO Nanoparticles as Electrocatalytic Materials for Oxygen Reduction,2020,Fe-N-C-ZnO,1,0,0.02,0,0,0,0.013,1.3,0.032,0.1143,0,0.01,0.007,0.011,0.006,0.034,0.294117647,0.205882353,0.323529412,0.176470588,FeTMPP/ZnO,,33.5,,,,,,,,,,,,,,,,,,,,,,,,,,139.4,,,,,,,,,,,,,,,,,,,,,,,,,,,,,,,,,,,300,,,,,,,,,,,,,,,,,800,2,,,5,1,1,80,6,,,,,,,1.14,634,0.06322,0.53874,0.39804,0.95,0.78,22,,1.5,1,2,0.6,0.6,Nafion 211,25,140,2,4,100,0,80,300,300,0,405,0,261,0,0.791,0.675,0.624,0.59,0.561,0.536,0.508,0.47,0.438,0.409,0.385,0.358,0.338,0.31,0.285,0.264,0.24,0.22,0.201,0.176,0.154,0.13299,0.11377,0.09614,0.0799,0.0649,0.05099,0.03806,0.02602
Iron-Containing Porphyrins Self-Assembled on ZnO Nanoparticles as Electrocatalytic Materials for Oxygen Reduction,2020,Fe-N-C-ZnO,1,0,0.02,0,0,0,0.013,1.3,0.032,0.1143,0,0.01,0.007,0.011,0.006,0.034,0.294117647,0.205882353,0.323529412,0.176470588,FeTMPP/ZnO,,33.5,,,,,,,,,,,,,,,,,,,,,,,,,,139.4,,,,,,,,,,,,,,,,,,,,,,,,,,,,,,,,,,,300,,,,,,,,,,,,,,,,,800,2,,,5,1,1,80,6,,,,,,,1.14,634,0.06322,0.53874,0.39804,0.95,0.78,22,,1.5,1,3,0.6,0.6,Nafion 211,25,140,2,4,100,0,80,300,300,0.1,554,0,371,0,0.905,0.703,0.649,0.617,0.594,0.575,0.553,0.532,0.51,0.484,0.467,0.446,0.425,0.405,0.384,0.366,0.343,0.325,0.308,0.291,0.275,0.259,0.244,0.23,0.214,0.19862,0.18437,0.17114,0.15883
Iron-Containing Porphyrins Self-Assembled on ZnO Nanoparticles as Electrocatalytic Materials for Oxygen Reduction,2020,Fe-N-C-ZnO,1,0,0.02,0,0,0,0.013,1.3,0.032,0.1143,0,0.01,0.007,0.011,0.006,0.034,0.294117647,0.205882353,0.323529412,0.176470588,FeTMPP/ZnO,,33.5,,,,,,,,,,,,,,,,,,,,,,,,,,139.4,,,,,,,,,,,,,,,,,,,,,,,,,,,,,,,,,,,300,,,,,,,,,,,,,,,,,800,2,,,5,1,1,80,6,,,,,,,1.14,634,0.06322,0.53874,0.39804,0.95,0.78,22,,1.5,1,2,0.6,0.6,Nafion 211,25,140,2,4,100,0,80,300,300,0.1,700,1,400,0,0.808,0.701,0.661,0.63,0.603,0.578,0.554,0.535,0.509,0.484,0.462,0.447,0.432,0.417,0.405,0.385,0.374,0.36,0.355,0.344,0.332,0.31286,0.29528,0.2791,0.26414,0.25027,0.23739,0.22538,0.21416
"A Comprehensive Investigation on Pyrolyzed Fe?N?C Composites
as Highly Efficient Electrocatalyst toward the Oxygen Reduction
Reaction of PEMFCs",2019,Fe/N/C,0,,,,,0,0.015,1.5,0.0155,,0,0.0102,0.0074,0,0.0009,0.0185,0.551351351,0.4,0,0.048648649,"1,10-phenanthroline/EC 600/Fe(Ac)2",,,,,,,,,,,,,,,,,,,,,,,,,,,,,,,,,,,,,,,,,,,,,,,,,,,,,,,,,,,,,,,,,,,,,,,,,,,,,,,,900,2,,,,,0,,,,,,,,,1.05,808,,,,0.9,0.79, ,,,5,4,0.2,0.467,Nafion 211,25,,,,100,1,80,300,400,0.15,540,0,750,130,0.92,0.81,0.79,0.725,0.7,0.69,0.625,0.605,0.595,0.55,0.51,0.495,0.455,0.405,0.3583,0.31739,0.28125,0.2491,0.2203,0.19436,0.17088,0.14952,0.13001,0.11211,0.09563,0.08042,0.06632,0.05323,0.04104
The role of transition metals in non-precious nitrogen-modified carbon-based electrocatalysts for oxygen reduction reaction,2012,FeeED/ PPyeCNF-10,1,0,0,0,0,0,0.018,1.8,0.02795,,0,0.01081665,0.0063167,0.01081665,0,0.02795,0.387,0.226,0.387,0,Ppy/ED/CNF/Fe(NO3)3.9H2O,,,,,,,,,,,,,,,,,,,,,,,,,,,,,,,,,,,,,,,,,,,,,,,,,,,,,,,,,,,,,,,,,,,,,,,,,,,,,,,,,,,,,,0,,,,,,,,,,,,,,0.86,0.61,,,,5,8,,,Nafion 212,50,,,,100,1,75,300,600,0.2026,360,0,90,0,0.72,0.59,0.54,0.49,0.45,0.41,0.39,0.36,0.34,0.31,0.295,0.28156,0.26816,0.25568,0.24405,0.23317,0.22297,0.21339,0.20439,0.19589,0.18788,0.18029,0.17311,0.1663,0.15983,0.15368,0.14782,0.14224,0.13691
Insights into the role of active site density in the fuel cell performance of CoN-C catalysts,2019,1.6,0,0,0,0,0,0.0303,,,0.05012,,0,0.01183,0.00792,0.00822,0.01198,0.03995,0.29612015,0.19824781,0.205757196,0.299874844,CoAc/phen/ZIF-8,,,,,,,,,,,,,,,,,,,,,,,1.6,,,,,,,,,,,80,,,,,,,,,,,,,,,,,,,,,,,18.4,,,,,,,,,,,,,,,,,,,,,800,0.133,1000,3,,,5,0,0,,,,,,,,,,802,,,,0.89,0.785,10,,1,5,3,0.5,0.2,Nafion 211,25,130,2,13.6,100,0,80,300,400,0.2,430,0,600,20,0.84,0.75,0.715,0.69,0.66,0.635,0.602,0.57,0.525,0.485,0.435,0.375,0.335,0.29,,0.502,0.475,0.45,0.41,0.37238,0.33898,0.30914,0.2823,0.25805,0.23602,0.21592,0.19751,0.18059,0.16497
Insights into the role of active site density in the fuel cell performance of CoN-C catalysts,2019,1.6,0,0,0,0,0,0.0303,,,0.05012,,0,0.01183,0.00792,0.00822,0.01198,0.03995,0.29612015,0.19824781,0.205757196,0.299874844,CoAc/phen/ZIF-8,,,,,,,,,,,,,,,,,,,,,,,1.6,,,,,,,,,,,80,,,,,,,,,,,,,,,,,,,,,,,18.4,,,,,,,,,,,,,,,,,,,,,800,0.133,1000,3,,,5,0,0,,,,,,,,,,802,,,,0.89,0.785,10,,1,5,3,0.5,0.2,Nafion 211,25,130,2,13.6,100,0,80,300,400,0.2,826,1,1080,100,0.92,0.8,0.765,0.745,0.725,0.701,0.685,0.665,0.65,0.63,0.615,0.598,0.575,0.55,0.53,0.502,0.475,0.45,0.41,0.37238,0.33898,0.30914,0.2823,0.25805,0.23602,0.21592,0.19751,0.18059,0.16497
Nitrogen-Coordinated Single Cobalt Atom Catalysts for Oxygen Reduction in Proton Exchange Membrane Fuel Cells,2018,20-Co-NC-1100,1,0,0,0,0,0.0124,0.0172,1.72,0.036,0.029,0,0.01271,,0.020232,0.003024,0.035966,0.353389312,0,0.56253128,0.084079408,ZIF-8/Co(NO3)2,,,,,,,,,,,,,,,,,,,,,,96.14,,,,,,,1922.8,,,2996.65,,,,,,,,,,,,,,,,,,,,,,,,,,,,,,,,,,,,,,,,,,,,,,,,1100,1,,,,0,0,,,,,,,,,0.95,565,0.14338,0.54014,0.31649,0.93,0.8,30,,,5,4,0.1,0.46,Nafion 212,50,,,,100,1,80,200,200,0.206,560,0,490,110,0.94,0.735,0.69,0.65,0.62,0.6,0.575,0.55,0.525,0.51,0.48,0.46,0.44,0.42,0.4,0.375,0.35,0.315,0.285,0.255,0.22,0.18695,0.15741,0.13083,0.10679,0.08495,0.06501,0.04675,0.02995
Direct Growth of Carbon Nanotubes Doped with Single Atomic Fe¨CN4 Active Sites and Neighboring Graphitic Nitrogen for Ef?cient and Stable Oxygen Reduction Electrocatalysis,2019,Fe-N/CNT-2,0,0,0,0,0,0,0.009,0.9,0.03,0.0067,0,0.0134,0.0041,0.0096,0.0028,0.0299,0.448160535,0.137123746,0.321070234,0.093645485,MS/FeCl3,,,,,,,,,,,,,,,,,,,,,,,,,,,,,,,,,,,,,,,,,,,,,,,,,,,,,,,,,,,,,,,,,,,,,,,,,,,,,,,,900,,,,,,0,,,900,,,,,,,,,,,0.85,0.753,,,,,,,,,,,,,100,,,,,,360,0,350,20,0.92,0.705,0.655,0.595,0.55,0.505,0.49,0.44,0.405,0.395,0.35,0.32,0.3,0.28086,0.26328,0.2471,0.23214,0.21827,0.20539,0.19338,0.18216,0.17166,0.1618,0.15254,0.14382,0.13559,0.12781,0.12045,0.11347
Thermally Driven Structure and Performance Evolution of Atomically Dispersed Fe-N4 Sites for Oxygen Reduction,2019,ZIF-NC-0.5Fe-700,1,0,0.004,0,0,0,0.0112,1.12,0.034,0.019,0,0.0137,,0.015538,0.004692,0.03393,0.403772473,0,0.457942823,0.138284704,ZIF-NC/FeCl3,,,,,,2.5,,,,,,,,,,,,,,,,,,,,,,,,,,,,,,,,,,,,,,,,,,,,,,,,,,,,,,,,,,,,,,,,,50,,,,,,,,,700,1,,,30,0,0,,,,,,,,,1.71,396,0.12125,0.57044,0.30831,1,0.84,10.33,,,,4.3,0.2,,Nafion 212,50,,,,100,0,,200,200,0.2,720,1,900,175,0.98,0.83,0.78,0.75,0.715,0.68,0.65,0.64,0.62,0.6,0.58,0.555,0.53,0.515,0.49,0.465,0.45,0.425,0.405,0.385,0.355,0.325,0.3,0.27619,0.25455,0.23478,0.21667,0.2,0.18462
"Activity, Performance, and Durability for the Reduction of Oxygen in PEM Fuel Cells, of Fe/N/C Electrocatalysts Obtained from the Pyrolysis of Metal-Organic-Framework and Iron Porphyrin Precursors",2015,NC Por_0.8-1050 Ar+NH3,0,0,0.00004,0,0,0,0.0445,4.45,0.0364,0.02,0,0.014014,0.0095368,0.0085176,0.0043316,0.0364,0.385,0.262,0.234,0.119,ZIF8/ClFeTMPP/NH3,,,,,,,,,,,,,,,,,,,122.3,,,,,,,,,,,,,,,,,,,,,900,,,,,,,,,,,,,,,,,,,,,,,,,,,,,,,,,,,,,,,,1050,1,,,,,0,,,,,950,12,,,2.31,820,0.953658537,0.046341463,,,,,,1.25,1.14,4,0.5,0.4,Nafion 211,25,140,1.5,40,100,0,80,300,300,0.1,610,0,664,,1.025,0.82,0.75,0.71,0.675,0.65,0.628,0.595,0.56,0.54,0.52,0.498,0.47,0.45,0.43,0.4,0.38,0.35,0.338,0.32,0.3,0.28,0.252,0.24,0.225,0.2,0.17,0.155,0.14056
In Situ Polymer Graphenization Ingrained with Nanoporosity in a Nitrogenous Electrocatalyst Boosting the Performance of Polymer-Electrolyte-Membrane Fuel Cells,2017,Fe-N-C-Phen-PANI,1,0,0,0,0,0,0.0129,1.29,0.0396,0.0347,0,0.0151,0.0081,0.013,0.0034,0.0396,0.381313131,0.204545455,0.328282828,0.085858586,KJ600/PANI/Phen/FeAc,,,,,,5000,,,11.64,,,,,,,,,,,,,,,,,,,,,,,,,,,,,,2500,1530,,,,,,,,,,,,,,,,,194.17,,,194.17,,,,,,,,,,,,,,,,,,1000,0.25,1000,3,,,,1,1,25,8,,,,,,,,1005,0.77372,0.15086,0.07542,,0.76,,,0.55,5,4,0.2,0.282,Nafion 115,125,120,5,5.443,100,0,80,300,400,0.1378,750,1,980,180,0.91,0.835,0.8,0.75,0.73,0.71,0.695,0.655,0.64,0.615,0.595,0.575,0.55,0.53,0.51,0.485,0.455,0.44,0.415,0.39,0.375,0.35,0.32,0.3,0.275,0.25119,0.22955,0.20978,0.19167
In Situ Polymer Graphenization Ingrained with Nanoporosity in a Nitrogenous Electrocatalyst Boosting the Performance of Polymer-Electrolyte-Membrane Fuel Cells,2017,Fe-N-C-Phen-PANI,1,0,0,0,0,0,0.0129,1.29,0.0396,0.0347,0,0.0151,0.0081,0.013,0.0034,0.0396,0.381313131,0.204545455,0.328282828,0.085858586,KJ600/PANI/Phen/FeAc,,,,,,5000,,,11.64,,,,,,,,,,,,,,,,,,,,,,,,,,,,,,2500,1530,,,,,,,,,,,,,,,,,194.17,,,194.17,,,,,,,,,,,,,,,,,,800,0.25,800,3,,,,1,1,25,8,,,,,,,,910,0.7249,0.1834,0.09171,,0.775,,,0.55,5,4,0.2,0.282,Nafion 115,125,120,5,5.443,100,0,80,300,400,0.1378,855,1,1140,100,0.85,0.81,0.775,0.75,0.73,0.71,0.69,0.675,0.655,0.64,0.625,0.61,0.59,0.575,0.55,0.525,0.505,0.48,0.46,0.45,0.42,0.39,0.37,0.345,0.32,0.29619,0.27455,0.25478,0.23667
In Situ Polymer Graphenization Ingrained with Nanoporosity in a Nitrogenous Electrocatalyst Boosting the Performance of Polymer-Electrolyte-Membrane Fuel Cells,2017,Fe-N-C-Phen-PANI,1,0,0,0,0,0,0.0129,1.29,0.0396,0.0347,0,0.0151,0.0081,0.013,0.0034,0.0396,0.381313131,0.204545455,0.328282828,0.085858586,KJ600/PANI/Phen/FeAc,,,,,,5000,,,11.64,,,,,,,,,,,,,,,,,,,,,,,,,,,,,,2500,1530,,,,,,,,,,,,,,,,,194.17,,,194.17,,,,,,,,,,,,,,,,,,900,0.25,900,3,,,,1,1,25,8,,,,,,,1.08,1265,0.84822,0.10119,0.05059,0.94,0.8,18,,0.55,5,4,0.2,0.282,Nafion 115,125,120,5,5.443,100,0,80,300,400,0.1378,1060,1,1425,200,0.95,0.88,0.865,0.85,0.82,0.8,0.775,0.75,0.725,0.7,0.675,0.65,0.635,0.625,0.605,0.585,0.575,0.55,0.53,0.52,0.5,0.48,0.46,0.44,0.425,0.41,0.39,0.37086,0.35328
Space-Confinement-Induced Synthesis of Pyridinic- and PyrrolicNitrogen-Doped Graphene for the Catalysis of Oxygen Reduction,2013,NG@MMT,1,0,0,0,0,0,,,0.035,0.145,0,0.015708,0.0124005,0.003444,0.003444,0.0349965,0.448844884,0.354335434,0.098409841,0.098409841,MMT/aniline/,,,,,,,,,,,,,,,,,,,,,,,,,,,,,,,,,,,,,,,,200,,,,,,,,,,,,,,,,,,,,,,,,,200mg,,,,,,,,,,,,,,,900,3,,,10,1,22.5,,,,,,,,,1.3,247.01,,,,0.895,0.77,,,2,,0.3,0.3,0.4,Nafion 112(pretreated with 3 vol. % H2O2 and 0.5 M H2SO4),50,137,2,5,100,0,,150,200,0.2,320,0,120,0,0.83,0.62,0.56,0.515,0.475,0.45,0.42,0.385,0.36,0.335,0.315,0.29,0.27,0.24,0.225,0.205,0.18586,0.16828,0.1521,0.13714,0.12327,0.11039,0.09838,0.08716,0.07666,0.0668,0.05754,0.04882,0.04059
Pyrolysis of Iron-Vitamin B9 As a Potential Nonprecious Metal Electrocatalyst for Oxygen Reduction Reaction,2017,py-Fe-FA/C,1,0,0,0,0,0,0.0356,3.56,0.0359,0.1182,0,0.0167,0.0108,0.0084,0,0.0359,0.465181058,0.300835655,0.233983287,0,vitamin B9/FeCl3¡¤6H2O,,,,,,,,,,,,,,,,,,,,,,,,,,,,,,,,,,,,,,,,,,,,,,,,,,,,,,,,,,,,,,,,,,,,,,,,,,,,,,,,700,3,,,20,0,0,,,,,,,,,,,,,,0.95,0.78,,,2,5,6,0.25,,Nafion 212,50,135,2,13.257,100,0,80,,,0.1,330,0,140,0,0.82,0.62,0.55,0.51,0.47,0.435,0.41,0.38,0.36,0.34,0.32,0.3,0.27,0.25,0.22,0.2,0.18086,0.16328,0.1471,0.13214,0.11827,0.10539,0.09338,0.08216,0.07166,0.0618,0.05254,0.04382,0.03559
In Situ Polymer Graphenization Ingrained with Nanoporosity in a Nitrogenous Electrocatalyst Boosting the Performance of Polymer-Electrolyte-Membrane Fuel Cells,2017,Fe-N-C-PANI,1,0,0,0,0,0,0.0129,1.29,0.0418,0.0331,0,0.0181,0.0085,0.0121,0.0031,0.0418,0.433014354,0.203349282,0.289473684,0.074162679,KJ600/PANI/FeAc,,,,,,10000,,,,,,,,,,,,,,,,,,,,,,,,,,,,,,,,,5000,3060,,,,,,,,,,,,,,,,,,,,400,,,,,,,,,,,,,,,,,,900,0.25,900,3,,,,1,1,25,8,,,,,,,1.11,837,1,0,0,0.94,0.79,,,0.55,5,4,0.2,0.282,Nafion 115,125,120,5,5.443,100,0,80,300,400,0.1378,870,1,1150,175,0.89,0.83,0.8,0.77,0.75,0.725,0.705,0.68,0.66,0.65,0.63,0.61,0.585,0.57,0.55,0.53,0.51,0.49,0.46,0.445,0.425,0.405,0.38,0.355,0.335,0.315,0.295,0.27586,0.25828
The role of transition metals in non-precious nitrogen-modified carbon-based electrocatalysts for oxygen reduction reaction,2012,CoeED/ PPyeCNF-10,1,0,0,0,0,0.027,,,0.03968,,0,0.01857024,0.00865024,0.01174528,0,0.03896576,0.476578411,0.221995927,0.301425662,0,Ppy/ED/CNF/Co(NO3)2.6H2O,,,,,,,,,,,,,,,,,,,,,,110,,,,,,,,,,,,,,,,114,,,,,,,100,,,200,,,,,,,,,,,,,,,,,,,,,,,,,,,,,,,,800,1,,,,1,1,80,3,,,,,,,,,,,,0.87,0.68,,,,5,8,,,Nafion 212,50,,,,100,1,75,300,600,0.2026,330,0,140,0,0.86,0.64,0.57,0.52,0.49,0.455,0.425,0.4,0.375,0.35,0.325,0.3,0.27619,0.25455,0.23478,0.21667,0.2,0.18462,0.17037,0.15714,0.14483,0.13333,0.12258,0.1125,0.10303,0.09412,0.08571,0.07778,0.07027
High-performance fuel cell cathodes exclusively containing atomically dispersed iron active sites,2020,"1,5Fe-ZIF",1,0,0.01,0,0,0,0.021,2.1,0.045,,0,0.019,0.0045,0.0016,0.00675,0.03185,0.596546311,0.141287284,0.050235479,0.211930926,ZIF-8/Fe(NO3)3,,,80,,,,,,,,,,,,,,,,,,,,,,,,,,3390,,,3940,,,,,,,,,,,,,,,,,,,,,,,,,,,,,,,,,,,,,,,,,,,,,,,,1100,1,,,,0,0,,,,,,,,,0.84,640,0.84429,0,0.15571,1,0.88,7.5,,0.55,5,4,0.2,0.4,Nafion 211,25,125,5,,100,0,80,200,200,0.1,650,0,760,114,0.98,0.8,0.75,0.725,0.69,0.66,0.64,0.61,0.595,0.57,0.55,0.52,0.5,0.475,0.45,0.43,0.41,0.39,0.37,0.34,0.31,0.29,0.27,0.24,0.225,0.2,0.19956,0.18616,0.17368
Fe2N nanoparticles boosting FeNx moieties for highly efficient oxygen reduction reaction in Fe-N-C porous catalyst,2019,Fe-N-C/HPC-NH3,1,0,0.0011,0,0,0,0.0354,3.54,0.0556,0.00782,0,0.0212,0.0567,0.0217,0.00702,0.10662,0.198836991,0.53179516,0.203526543,0.065841306,ZIF-8/FeCl3,,,,,,,,43,,,,,,,,,,,,,,,,,,,,,1860,,,3200,,,,,,,,,,,,,,,,,,,,,,,,,,,,,,,,,,,,,,,,,,,,,,850,0.167,950,2,,,5,1,1,80,8,,,,,,,,1011,0.19133,0.53574,0.27294,0.945,0.803,,,0.8167,6.25,4,0.4,0.6,GORE M820.15,,135,2,1.5,100,0,65,400,1000,0.206,540,0,670,90,0.93,0.79,0.75,0.715,0.68,0.65,0.62,0.59,0.56,0.53,0.5,0.47,0.43,0.41,0.39,0.355,0.33,0.30619,0.28455,0.26478,0.24667,0.23,0.21462,0.20037,0.18714,0.17483,0.16333,0.15258,0.1425
Studies of oxygen reduction reaction active sites and stability of nitrogen-modified carbon composite catalysts for PEM fuel cells,2010,NMCC-SiO2-800-3,0,0,0,0,0,0,,,0.0593,,0,0.0220003,,0.0250839,0.0122158,0.0593,0.371,0,0.423,0.206,FeSO4/Co(NO3)2/EDA/SiO2,,,,,,,,470,,,,,,,,,,,,,,490,,,,,,,,,,,,,,,,,,,,,,,,,,,,,,,,,,,,,,,,,,,,1000,,,,,,,,,,,,,,800,1,,,,1,1,80,8,800,3,,,,,,,,,,,,,,0.33,5,2,0.5,,Nafion 112,50,140,3,1.5,100,0,75,300,400,0.2068,450,0,200,0,0.85,0.665,0.6,0.555,0.525,0.49,0.47,0.445,0.43,0.41,0.395,0.375,0.35,0.335,0.32,0.3,0.28,0.26,0.245,0.225,0.205,0.18586,0.16828,0.1521,0.13714,0.12327,0.11039,0.09838,0.08716
"Highly Efficient Fe?N?C Electrocatalyst for Oxygen Reduction Derived from Core?Shell-Structured Fe(OH)3@Zeolitic Imidazolate Framework
Framework",2019,C?Fe(OH)3@ ZIF-1000,1,0,0,0,0,0,0.03,3,0.0578,,0,0.0235,0.0013,0.0318,0.0011,0.0577,0.407279029,0.022530329,0.551126516,0.019064125,Fe-(OH)3@ZIF-8,,,,,,,,,,,,,,,,,,,,,,,,,,,,,,,,,,,,,,,,,,,,,,,,,,,,,,,,,,,,,,,,,,,,,,,,,,,,,,,,1000,2,,,5,1,1,80,6,,,,,,,1.03,1021,0.20475,0.61965,0.1756,0.91,0.8,26,,,5,2,0.1,,Nafion membrane,,135,3,,,,80,400,200,0.21,411,0,400,67,,0.765,0.68,0.63,0.6,0.55,0.5,0.51,0.48,0.44,0.4,0.36,0.34,0.31,0.28,0.25156,0.22592,0.2027,0.18157,0.16225,0.14452,0.1282,0.11312,0.09915,0.08617,0.07407,0.06277,0.0522,0.04228
High-purity pyrrole-type FeN4 sites as a superior oxygen reduction electrocatalyst,2020,Fe-N4,1,0,0,0,0,0,,,0.045,,0,0.024,0.002,,,0.026,0.923076923,0.076923077,0,0,Polyaniline/KJ 600,,,,,,2910,,,,,,,,,,,,,,,,,,,,,,,,,,,,,,,,,3333,2040,,,,,,,,,,,,,,,,,,,,400,,,,,,,,,,,,,,,,,,,,900,1,,,5,1,2,60,12,,,,,,,1.027,527.7,0.12293,0.67025,0.20682,0.86,0.71,,,0.55,5,4,0.2,0.2,Nafion 211,25,130,5,,100,0,80,400,400,0.2,450,0,350,30,0.92,0.73,0.67,0.625,0.58,0.55,0.505,0.48,0.46,0.44,0.41,0.39,0.365,0.34,0.315,0.29,0.245,0.2,0.17619,0.15455,0.13478,0.11667,0.1,0.08462,0.07037,0.05714,0.04483,0.03333,0.02258
Is iron involved in the lack of stability of Fe/N/C electrocatalysts used to reduce oxygen at the cathode of PEM fuel cells?,2016,NC_Ar+NH3,0,0,0,0,0,0,0.0603,6.03,0.0482,0.0292,0,0.0242,0.0005,0.0161,0.0074,0.0482,0.502074689,0.010373444,0.334024896,0.153526971,ZIF-8/Phen/FeAc,,,,,,,,,64,,,,,,,,,,,,,,,,,,,,,,,,,1600,,,,,,,,,,,,,,,,,,,,,,,400,,,,,,,,,,,,,,,,,,,,,,,1050,1,,,,0,0,,,,,950,0.25,,,,731,0.85636,0.14364,0,0.96,0.85,,,1.36,1.14,4,0.5,0.46,Nafion 211,25,120,,19.89,100,0,80,300,300,0.2,655,0,150,190,1.02,0.83,0.79,0.755,0.73,0.705,0.68,0.65,0.625,0.6,0.575,0.55,0.525,0.5,0.47,0.45,0.42,0.395,0.37,0.34,0.305,0.28,0.25,0.215,0.19,0.16,0.135,0.11,0.08619
Identification of binuclear Co2N5 active sites for oxygen reduction reaction with more than one magnitude higher activity than single atom CoN4 site,2019,Co-N-C-10,1,0,0,0,0,0.043,0,0,0.0517,0.041,0,0.0264,0.01,0.015,,0.0514,0.513618677,0.194552529,0.291828794,0,ZIF-8/Co(NO3)2,,,,,,,,,,,,,,,,,,,,,,179.92,,,,,,,1839.02,,,2996.65,,,,,,,,,,,,,,,,,,,,,,,,,,,,,,,,,,,,,,,,,,,,,,,,900,1,,,5,0,0,,,,,,,,,1.25,830,0.45982,0.4936,0.04657,0.92,0.79,6,,0.465,5,4,0.2,0.2,Nafion 211,25,120,5,5.443,100,0,80,300,400,0.13,418,0,615,150,0.94,0.83,0.78,0.745,0.7,0.65,0.6,0.555,0.51,0.465,0.42,0.37,0.335,0.30195,0.27241,0.24583,0.22179,0.19995,0.18001,0.16175,0.14495,0.12945,0.1151,0.10178,0.08938,0.07781,0.06698,0.05684,0.04731
"Activity, Performance, and Durability for the Reduction of Oxygen in PEM Fuel Cells, of Fe/N/C Electrocatalysts Obtained from the Pyrolysis of Metal-Organic-Framework and Iron Porphyrin Precursors",2015,NC Por_0.8-950 Ar+NH3,0,0,0.0035,0,0,0,0.0431,4.31,0.0579,0.0213,0,0.027213,0.0190491,0.0066585,0.0049794,0.0579,0.47,0.329,0.115,0.086,ZIF8/ClFeTMPP/NH3,,,,,,,,,,,,,,,,,,,122.3,,,,,,,,,,,,,,,,,,,,,900,,,,,,,,,,,,,,,,,,,,,,,,,,,,,,,,,,,,,,,,950,1,,,,,0,,,,,950,5,,,2.35,897,0.950947603,0.049052397,,,,,,1.25,1.14,4,0.5,0.4,Nafion 211,25,140,1.5,40,100,0,80,300,300,0.1,416,0,466,,1.025,0.805,0.73,0.675,0.638,0.58,0.55,0.5,0.46,0.43,0.4,0.365,0.34,0.32,0.28,0.26,0.235,0.2,0.165,0.14,0.12,0.10086,0.08328,0.0671,0.05214,0.03827,0.02539,0.01338,0.00216
Atomic Fe-Doped MOF-Derived Carbon Polyhedrons with High Active-Center Density and Ultra-High Performance toward PEM Fuel Cells,2019,C-Fe-ZIF-1.44-950,1,0,0,0,0,0,0.01,1,0.0551,,0,0.0278,0.0051,0.01653,0.0051,0.05453,0.509811113,0.093526499,0.303135889,0.093526499,Ferrocene/ZIF-8,,,,,,,,,,,650,,,,,,,,,,,,,,,,,,1785,,,1971,,,,,,,,,,,,,,,,,,,,,,,,,,,,,,,,,,,,,,,,,,,,,,,,950,3,,,5,1,1,80,12,950,3,,,,,,1255,0.36408,0.63592,0,0.91,0.78,,,1,5,5,0.1,0.2,Nafion 211,25,,,,100,1,80,300,300,0.2068,465,0,650,135,0.99,0.81,0.775,0.735,0.7,0.66,0.62,0.585,0.535,0.49,0.45,0.42,0.39,0.35,0.32,0.29,0.25,0.21,0.17,0.15,0.13086,0.11328,0.0971,0.08214,0.06827,0.05539,0.04338,0.03216,0.02166
Atomic Fe-Doped MOF-Derived Carbon Polyhedrons with High Active-Center Density and Ultra-High Performance toward PEM Fuel Cells,2019,C-Fe-ZIF-1.44-950,1,0,0,0,0,0,0.01,1,0.0551,,0,0.0278,0.0051,0.01653,0.0051,0.05453,0.509811113,0.093526499,0.303135889,0.093526499,Ferrocene/ZIF-8,,,,,,,,,,,650,,,,,,,,,,,,,,,,,,1785,,,1971,,,,,,,,,,,,,,,,,,,,,,,,,,,,,,,,,,,,,,,,,,,,,,,,950,3,,,5,1,1,80,12,950,3,,,,,,1255,0.36408,0.63592,0,0.91,0.78,,,1,5,2,0.1,0.2,Nafion 211,25,,,,100,1,80,300,300,0.1379,530,0,675,100,0.92,0.8,0.74,0.71,0.68,0.65,0.62,0.59,0.555,0.53,0.5,0.47,0.435,0.402,0.36,0.31,0.25,0.18,0.145,0.11195,0.08241,0.05583,0.03179,0.00995,0,0,0,0,0
Atomic Fe-Doped MOF-Derived Carbon Polyhedrons with High Active-Center Density and Ultra-High Performance toward PEM Fuel Cells,2019,C-Fe-ZIF-1.44-950,1,0,0,0,0,0,0.01,1,0.0551,,0,0.0278,0.0051,0.01653,0.0051,0.05453,0.509811113,0.093526499,0.303135889,0.093526499,Ferrocene/ZIF-8,,,,,,,,,,,650,,,,,,,,,,,,,,,,,,1785,,,1971,,,,,,,,,,,,,,,,,,,,,,,,,,,,,,,,,,,,,,,,,,,,,,,,950,3,,,5,1,1,80,12,950,3,,,,,,1255,0.36408,0.63592,0,0.91,0.78,,,1,5,1,0.1,0.2,Nafion 211,25,,,,100,1,60,300,300,0.2068,540,0,780,150,0.99,0.81,0.775,0.755,0.72,0.695,0.66,0.625,0.59,0.54,0.49,0.44,0.4,0.38,0.37,0.355,0.34,0.315,0.29,0.265,0.24,0.21619,0.19455,0.17478,0.15667,0.14,0.12462,0.11037,0.09714
Atomic Fe-Doped MOF-Derived Carbon Polyhedrons with High Active-Center Density and Ultra-High Performance toward PEM Fuel Cells,2019,C-Fe-ZIF-1.44-950,1,0,0,0,0,0,0.01,1,0.0551,,0,0.0278,0.0051,0.01653,0.0051,0.05453,0.509811113,0.093526499,0.303135889,0.093526499,Ferrocene/ZIF-8,,,,,,,,,,,650,,,,,,,,,,,,,,,,,,1785,,,1971,,,,,,,,,,,,,,,,,,,,,,,,,,,,,,,,,,,,,,,,,,,,,,,,950,3,,,5,1,1,80,12,950,3,,,,,,1255,0.36408,0.63592,0,0.91,0.78,,,1,5,1,0.1,0.2,Nafion 211,25,,,,100,1,80,300,300,0.0689,560,0,770,100,0.95,0.8,0.76,0.73,0.702,0.675,0.645,0.62,0.59,0.56,0.53,0.5,0.47,0.43,0.38,0.32,0.24,0.15,0.0678,0,0,0,0,0,0,0,0,0,0
Atomic Fe-Doped MOF-Derived Carbon Polyhedrons with High Active-Center Density and Ultra-High Performance toward PEM Fuel Cells,2019,C-Fe-ZIF-1.44-950,1,0,0,0,0,0,0.01,1,0.0551,,0,0.0278,0.0051,0.01653,0.0051,0.05453,0.509811113,0.093526499,0.303135889,0.093526499,Ferrocene/ZIF-8,,,,,,,,,,,650,,,,,,,,,,,,,,,,,,1785,,,1971,,,,,,,,,,,,,,,,,,,,,,,,,,,,,,,,,,,,,,,,,,,,,,,,950,3,,,5,1,1,80,12,950,3,,,,,,1255,0.36408,0.63592,0,0.91,0.78,,,1,5,0.5,0.1,0.2,Nafion 211,25,,,,100,1,80,300,300,0.2068,595,0,850,150,0.99,0.82,0.78,0.75,0.725,0.695,0.66,0.64,0.605,0.58,0.55,0.525,0.49,0.45,0.425,0.39,0.35,0.315,0.28,0.245,0.2,0.15783,0.12065,0.08762,0.05808,0.03151,0.00749,0,0
Atomic Fe-Doped MOF-Derived Carbon Polyhedrons with High Active-Center Density and Ultra-High Performance toward PEM Fuel Cells,2019,C-Fe-ZIF-1.44-950,1,0,0,0,0,0,0.01,1,0.0551,,0,0.0278,0.0051,0.01653,0.0051,0.05453,0.509811113,0.093526499,0.303135889,0.093526499,Ferrocene/ZIF-8,,,,,,,,,,,650,,,,,,,,,,,,,,,,,,1785,,,1971,,,,,,,,,,,,,,,,,,,,,,,,,,,,,,,,,,,,,,,,,,,,,,,,950,3,,,5,1,1,80,12,950,3,,,,,,1255,0.36408,0.63592,0,0.91,0.78,,,1,5,1,0.1,0.2,Nafion 211,25,,,,100,1,80,300,300,0.1379,630,0,870,180,1,0.83,0.785,0.75,0.725,0.7,0.675,0.65,0.62,0.595,0.565,0.54,0.51,0.48,0.45,0.42,0.385,0.35,0.325,0.3,0.27,0.21156,0.18592,0.1627,0.14157,0.12225,0.10452,0.0882,0.07312
Atomic Fe-Doped MOF-Derived Carbon Polyhedrons with High Active-Center Density and Ultra-High Performance toward PEM Fuel Cells,2019,C-Fe-ZIF-1.44-950,1,0,0,0,0,0,0.01,1,0.0551,,0,0.0278,0.0051,0.01653,0.0051,0.05453,0.509811113,0.093526499,0.303135889,0.093526499,Ferrocene/ZIF-8,,,,,,,,,,,650,,,,,,,,,,,,,,,,,,1785,,,1971,,,,,,,,,,,,,,,,,,,,,,,,,,,,,,,,,,,,,,,,,,,,,,,,950,3,,,5,1,1,80,12,950,3,,,,,,1255,0.36408,0.63592,0,0.91,0.78,,,1,5,1,0.1,0.2,Nafion 211,25,,,,100,1,70,300,300,0.2068,665,0,950,200,0.99,0.84,0.8,0.775,0.75,0.735,0.705,0.69,0.66,0.64,0.625,0.6,0.575,0.55,0.53,0.502,0.48,0.455,0.43,0.4,0.375,0.35119,0.32955,0.30978,0.29167,0.275,0.25962,0.24537,0.23214
Atomic Fe-Doped MOF-Derived Carbon Polyhedrons with High Active-Center Density and Ultra-High Performance toward PEM Fuel Cells,2019,C-Fe-ZIF-1.44-950,1,0,0,0,0,0,0.01,1,0.0551,,0,0.0278,0.0051,0.01653,0.0051,0.05453,0.509811113,0.093526499,0.303135889,0.093526499,Ferrocene/ZIF-8,,,,,,,,,,,650,,,,,,,,,,,,,,,,,,1785,,,1971,,,,,,,,,,,,,,,,,,,,,,,,,,,,,,,,,,,,,,,,,,,,,,,,950,3,,,5,1,1,80,12,950,3,,,,,,1255,0.36408,0.63592,0,0.91,0.78,,,1,5,4,0.1,0.2,Nafion 211,25,,,,100,1,80,300,300,0.2068,680,0,880,150,0.99,0.825,0.79,0.75,0.72,0.69,0.66,0.64,0.62,0.598,0.57,0.55,0.525,0.5,0.475,0.45,0.425,0.399,0.355,0.325,0.298,0.27233,0.24908,0.22792,0.20858,0.19084,0.1745,0.15941,0.14542
Atomic Fe-Doped MOF-Derived Carbon Polyhedrons with High Active-Center Density and Ultra-High Performance toward PEM Fuel Cells,2019,C-Fe-ZIF-1.44-950,1,0,0,0,0,0,0.01,1,0.0551,,0,0.0278,0.0051,0.01653,0.0051,0.05453,0.509811113,0.093526499,0.303135889,0.093526499,Ferrocene/ZIF-8,,,,,,,,,,,650,,,,,,,,,,,,,,,,,,1785,,,1971,,,,,,,,,,,,,,,,,,,,,,,,,,,,,,,,,,,,,,,,,,,,,,,,950,3,,,5,1,1,80,12,950,3,,,,,,1255,0.36408,0.63592,0,0.91,0.78,,,1,5,2,0.1,0.2,Nafion 211,25,,,,100,1,80,300,300,0.2068,710,1,850,150,0.99,0.82,0.79,0.755,0.725,0.701,0.68,0.655,0.635,0.61,0.59,0.56,0.54,0.52,0.495,0.47,0.445,0.42,0.398,0.36,0.34,0.32086,0.30328,0.2871,0.27214,0.25827,0.24539,0.23338,0.22216
Atomic Fe-Doped MOF-Derived Carbon Polyhedrons with High Active-Center Density and Ultra-High Performance toward PEM Fuel Cells,2019,C-Fe-ZIF-1.44-950,1,0,0,0,0,0,0.01,1,0.0551,,0,0.0278,0.0051,0.01653,0.0051,0.05453,0.509811113,0.093526499,0.303135889,0.093526499,Ferrocene/ZIF-8,,,,,,,,,,,650,,,,,,,,,,,,,,,,,,1785,,,1971,,,,,,,,,,,,,,,,,,,,,,,,,,,,,,,,,,,,,,,,,,,,,,,,950,3,,,5,1,1,80,12,950,3,,,,,,1255,0.36408,0.63592,0,0.91,0.78,,,1,5,1,0.1,0.2,Nafion 211,25,,,,100,1,80,300,300,0.2068,775,1,1100,200,0.99,0.84,0.8,0.775,0.75,0.725,0.71,0.69,0.665,0.645,0.625,0.6,0.575,0.55,0.53,0.502,0.48,0.455,0.43,0.4,0.375,0.35119,0.32955,0.30978,0.29167,0.275,0.25962,0.24537,0.23214
Is iron involved in the lack of stability of Fe/N/C electrocatalysts used to reduce oxygen at the cathode of PEM fuel cells?,2016,MOF_Ar+NH3(5min),0,0,0,0,0,0,0.00055,0.055,0.0648,0.0269,0,0.0297,0.0041,0.0238,0.0072,0.0648,0.458333333,0.063271605,0.367283951,0.111111111,ZIF-8,,,,,,,,,,,,,,,,,,,,,,,,,,,,,,,,,,1600,,,,,,,,,,,,,,,,,,,,,,,,,,,,,,,,,,,,,,,,,,,,,,1050,1,,,,0,0,,,,,950,0.083,,,,894,0.94855,0.05145,0,0.88,0.73,,,1.36,1.14,4,0.5,0.46,Nafion 211,25,120,,19.89,100,0,80,300,300,0.2,315,0,300,40,1,0.74,0.65,0.6,0.55,0.5,0.45,0.4,0.375,0.34,0.315,0.285,0.255,0.225,0.19,0.15,0.11,0.075,0.04,0.00695,0,0,0,0,0,0,0,0,0
Co nanoparticle embedded in atomically-dispersed Co-N-C nanofibers for oxygen reduction with high activity and remarkable durability,2018,Co@SACo-N-C-10,0,0,0,0,0,0.0195,0,0,0.0507,0.01634,0,0.03291,0.004847,0.02117,,0.058927,0.55848762,0.082254315,0.359258065,0,PAN/Co(Ac)2,,,,,,,,,,,,,,,,,,,,,,,150,,,,,,,,,,,,,,,,,,2000,,,,,,,,,,,,,,,,,,,,,,,,,,,,,,,,,,,,,,,600,2,,,3,0,0,,,900,10,900,0.167,,,,369.29,,,,0.92,0.778,9,,0.818,6.25,3,0.4,0.2,Nafion 212,50,135,2,2,100,0,70,400,200,0.2068,420,0,250,20,0.91,0.7,0.63,0.56,0.52,0.5,0.5,0.475,0.44,0.45,0.43,0.395,0.355,0.33,0.3,0.27156,0.24592,0.2227,0.20157,0.18225,0.16452,0.1482,0.13312,0.11915,0.10617,0.09407,0.08277,0.0722,0.06228
Identification of binuclear Co2N5 active sites for oxygen reduction reaction with more than one magnitude higher activity than single atom CoN4 site,2019,Co-N-C-50,1,0,0,0,0,0.014,0,0,0.067,0.341,0,0.0331,0.0186,0.0152,,0.0669,0.494768311,0.278026906,0.227204783,0,ZIF-8/Co(NO3)2,,,,,,,,,,,,,,,,,,,,,,38.81,,,,,,,1983.267,,,2996.65,,,,,,,,,,,,,,,,,,,,,,,,,,,,,,,,,,,,,,,,,,,,,,,,900,1,,,5,0,0,,,,,,,,,1.25,830,0.28965,0.63437,0.07599,0.88,0.73,6,,0.465,5,4,0.2,0.2,Nafion 211,25,120,5,5.443,100,0,80,300,400,0.13,302,0,425,120,0.93,0.83,0.73,0.66,0.6,0.54,0.48,0.43,0.37,0.32,0.2733,0.23239,0.19625,0.1641,0.1353,0.10936,0.08588,0.06452,0.04501,0.02711,0.01063,0,0,0,0,0,0,0,0
Highly active atomically dispersed CoN4 fuel cell cathode catalysts derived from surfactant-assisted MOFs: carbon-shell confinement strategy,2018,Co-N-C@F127,1,0,0.024,0,0,0.062,0,0,0.091,0.024,0,0.033642,,0.034843,0.001684,0.070169,0.479442489,0,0.496558309,0.023999202,Co(NO3)2/ZIF/F128,,,,,,,,,,,,,,,,,,,,,,1.16,,,,,,,2680,,,3200,,,,,,,,,,,,,,,,,,,,,,,,,,,,,,,,,,,,,,,,,1000,,,,,,,900,3,,,30,1,2,50,5,,,,,,,,825,0.94,0.01,0.05,0.93,0.84,13.3,,0.6,5,4,0.3,0.2,Nafion 212,50,125,5,3.447,60,0,80,200,200,0.1,695,0,600,50,0.95,0.75,0.7,0.665,0.64,0.64,0.6,0.585,0.565,0.55,0.54,0.52,0.5,0.485,0.465,0.45,0.425,0.41,0.385,0.36,0.335,0.31119,0.28955,0.26978,0.25167,0.235,0.21962,0.20537,0.19214
Highly active atomically dispersed CoN4 fuel cell cathode catalysts derived from surfactant-assisted MOFs: carbon-shell confinement strategy,2018,Co-N-C@F127,1,0,0.024,0,0,0.062,0,0,0.091,0.024,0,0.033642,,0.034843,0.001684,0.070169,0.479442489,0,0.496558309,0.023999202,Co(NO3)2/ZIF/F127,,,,,,,,,,,,,,,,,,,,,,1.16,,,,,,,2680,,,3200,,,,,,,,,,,,,,,,,,,,,,,,,,,,,,,,,,,,,,,,,1000,,,,,,,900,3,,,30,1,2,50,5,,,,,,,,825,0.94,0.01,0.05,0.93,0.84,13.3,,0.6,5,4,0.3,0.2,Nafion 212,50,125,5,3.447,100,0,80,200,200,0.1,870,1,925,30,0.92,0.75,0.725,0.705,0.695,0.675,0.66,0.645,0.63,0.605,0.59,0.575,0.56,0.55,0.535,0.525,0.51,0.495,0.475,0.455,0.43,0.4,0.375,0.34,0.305,0.29056,0.27716,0.26468,0.25305
g-C3N4 promoted MOF derived hollow carbon nanopolyhedra doped with high density/fraction of single Fe atoms as an ultra-high performance nonprecious catalyst towards acidic ORR and PEM fuel cells,2019,C-FeHZ8@g-C3N4-950,1,0,0,0,0,0,0.0317,3.17,0.0657,,0,0.035,0.0053,0.0208,0.0046,0.0657,0.532724505,0.080669711,0.316590563,0.070015221,Zn(NO3)2.6H2O/2-methylimidazole/tannic acid/ferric acetylacetonate/g-C3N4,,,,,,,,,,,,,,,,,,,,,,,,,,,,,,,,,,,,,,,,,,,,,,,,,,,,,,,,,,,,,,,,,,,,,,,,,,,,,,,,950,3,,,2,1,1,25,12,950,3,,,,,1.03,754,0,0.20057,0.79943,0.9,0.78,,,,5,4,0.1,,Nafion 211,25,,,,100,1,80,300,300,0.21,628,0,725,150,0.96,0.82,0.77,0.73,0.7,0.67,0.64,0.61,0.58,0.55,0.53,0.52,0.49,0.46,0.44,0.41,0.39,0.37,0.34,0.32,0.3,0.28086,0.26328,0.2471,0.23214,0.21827,0.20539,0.19338,0.18216
Unveiling the high-activity origin of single-atom iron catalysts for oxygen reduction reaction,2018,SA-Fe-NG,1,0,0,0,0,0,0.02634,2.634,0.1125,0.0663,0,0.0355,0.0358875,0.04106,,0.1124475,0.315702884,0.319148936,0.36514818,0,C3N4/F127/FeCl3 6H2O,,,,,,24.33,,,,,,,,,,,,,,,,,,,,,,,,,,,,,,,,,,,,,,,,,,,,,,,300,,,,,,,,,,,,,,,,,,,,600,,,,,,,800,2,,,3,1,2,25,24,,,,,,,,579,0.1297,0.8703,0,0.9,0.8,8,,1,5,2,0.2,0.2,Nafion 211,25,130,1.5,1.5,100,0,80,300,400,0.2,823,1,850,100,0.91,0.75,0.7,0.65,0.63,0.61,0.59,0.575,0.56,0.545,0.53,0.515,0.505,0.5,0.49,0.48,0.465,0.45,0.43,0.415,0.4,0.39,0.37,0.355,0.34,0.325,0.31,0.3,0.29031
"Fe-N-C Oxygen Reduction Fuel Cell Catalyst Derived from Carbendazim: Synthesis, Structure, and Reactivity",2014,Fe-8CBDZ-SHT,1,0,0,0,0,0,0.00557,0.557,0.08,,0,0.0368,0.022,0.0032,0.006,0.068,0.541176471,0.323529412,0.047058824,0.088235294,Fe(NO3)3.9H2O/SiO2/CBDZ,,,,,,,,,,,,,,,,,,,,,,,,,,,,,,,,,,,,,,,,,,,,,,,,,,,,,,,,,,,,,,,,,,,,,,,,,,,,,,,,800,1.5,,,20,0,0,,,,,,,,,,500,,,,0.875,0.78,60,,0.1395,5,4,0.5,,Nafion211,25,135,3,9.07,100,0,80,100,100,0.1722525,366,0,225,15,0.875,0.68,0.61,0.57,0.525,0.495,0.455,0.425,0.4,0.375,0.35,0.325,0.305,0.28586,0.26828,0.2521,0.23714,0.22327,0.21039,0.19838,0.18716,0.17666,0.1668,0.15754,0.14882,0.14059,0.13281,0.12545,0.11847
"Fe-N-C Oxygen Reduction Fuel Cell Catalyst Derived from Carbendazim: Synthesis, Structure, and Reactivity",2014,Fe-8CBDZ-DHT-N2,1,0,0,0,0,0,0.00557,0.557,0.08,,0,0.0368,0.022,0.0032,0.006,0.068,0.541176471,0.323529412,0.047058824,0.088235294,Fe(NO3)3.9H2O/SiO2/CBDZ,,,,,,,,,,,,,,,,,,,,,,,,,,,,,,,,,,,,,,,,,,,,,,,,,,,,,,,,,,,,,,,,,,,,,,,,,,,,,,,,800,1.5,,,20,0,0,,,950,0.5,,,,,,500,,,,0.875,0.78,,,0.1395,5,4,0.5,,Nafion211,25,135,3,9.07,100,0,80,100,100,0.1722525,432,0,350,30,0.975,0.73,0.665,0.615,0.575,0.545,0.51,0.48,0.455,0.425,0.405,0.385,0.36,0.33619,0.31455,0.29478,0.27667,0.26,0.24462,0.23037,0.21714,0.20483,0.19333,0.18258,0.1725,0.16303,0.15412,0.14571,0.13778
"Fe-N-C Oxygen Reduction Fuel Cell Catalyst Derived from Carbendazim: Synthesis, Structure, and Reactivity",2014,Fe-8CBDZ-DHT-NH3,1,0,0,0,0,0,0.00557,0.557,0.08,,0,0.0368,0.022,0.0032,0.006,0.068,0.541176471,0.323529412,0.047058824,0.088235294,Fe(NO3)3.9H2O/SiO2/CBDZ,,,,,,,,,,,,,,,,,,,,,,,,,,,,,,,,,,,,,,,,,,,,,,,,,,,,,,,,,,,,,,,,,,,,,,,,,,,,,,,,800,1.5,,,20,0,0,,,,,950,0.5,,,,500,,,,0.875,0.78,,,0.1395,5,4,0.5,,Nafion211,25,135,3,9.07,100,0,80,100,100,0.1722525,567,0,700,120,0.975,0.81,0.76,0.72,0.68,0.65,0.62,0.59,0.56,0.535,0.505,0.485,0.46,0.43,0.405,0.38119,0.35955,0.33978,0.32167,0.305,0.28962,0.27537,0.26214,0.24983,0.23833,0.22758,0.2175,0.20803,0.19912
Seeded growth of branched ironenitrogen-doped carbon nanotubes as a high performance and durable non-precious fuel cell cathode,2020,Fe-N/CNT,0,0,0,0,0,0,0.027,2.7,0.017,,0,,,,,,,,,,FeCl3/MS,,,,,,,,,,,,,,,,,,,,,,,,,,,,,,,,,,,,,,,,,,,,,,,,,,,,,,,,,,,,,,,,,,,,,,,,,,,,,,,,900,1,,,,,0.5,60,,900,1,,,,,,,0.22,0.78,,0.89,0.76,,,1.86,4,4,0.25,,Nafion 211,25,125,3,5,100,,,,,,365,0,300,20,0.9,0.72,0.65,0.6,0.55,0.505,0.48,0.45,0.41,0.395,0.36,0.32,0.305,0.29056,0.27716,0.26468,0.25305,0.24217,0.23197,0.22239,0.21339,0.20489,0.19688,0.18929,0.18211,0.1753,0.16883,0.16268,0.15682
Heat-treated hemin supported on graphene nanoplatelets for the oxygen reduction reaction,2012,HT600Hem/GNP-U2,1,0,0,0,0,0,0.0493,4.93,0.03677,,0,,,,,,,,,,,,,,,,,,,,,,,,,,,,,1000,,,,,,,,,,,,,,,,,,,,,,,,,,,,,,,,1000,,,,,,,,,,,,,,,,,,,,,,,,,,,,,600,3,,,,,0,,,600,2,,,,,,223.1,,,,0.92,0.75,,,0.25,5,2.5,0.4,,Nafion211,25,120,,3.447,100,0,,100,200,0,300,0,180,0,0.85,0.66,0.59,0.535,0.495,0.455,0.42,0.4,0.37,0.34,0.3,0.265,0.23195,0.20241,0.17583,0.15179,0.12995,0.11001,0.09175,0.07495,0.05945,0.0451,0.03178,0.01938,0.00781,0,0,0,0
Pt-free cathode catalysts prepared via multi-step pyrolysis of Fe phthalocyanine and phenolic resin for fuel cells,2010,600-I-N2,0,0,0,0,0,0,0.0218,2.18,0.03,,0,,,,,,,,,,Fe phthalocyanine/phenolic resin,,,,,,,,,,,,,,,,,,,,,,,,,,,,,,,,,,,,,,,,,,,,,,,,,,,,,,,,,,,,,,,,,,,,,,,,,,,,,,,,600,5,,,,,0,,,,,,,,,,384,,,,,,,,0.5,1,4,0.5,0.457,Nafion 115,125,120,2,1.5,100,,80,,,0.2,332,0,497,94,1,0.8,0.725,0.675,0.636,0.603,0.539,0.458,0.365,0.22,0.09058,0,0,0,0,0,0,0,0,0,0,0,0,0,0,0,0,0,0
Pt-free cathode catalysts prepared via multi-step pyrolysis of Fe phthalocyanine and phenolic resin for fuel cells,2010,800-II-N2,0,0,0,0,0,0,0.0077,0.77,0.016,,0,,,,,,,,,,Fe phthalocyanine/phenolic resin,,,,,,,,,,,,,,,,,,,,,,,,,,,,,,,,,,,,,,,,,,,,,,,,,,,,,,,,,,,,,,,,,,,,,,,,,,,,,,,,600,5,,,,1,0,,,800,1,,,,,,432,,,,,,,,0.5,1,4,0.5,0.457,Nafion 115,125,120,2,1.5,100,,80,,,0.2,417,0,512,102,1.02,0.809,0.753,0.7,0.642,0.617,0.566,0.525,0.488,0.452,0.413,0.385,0.349,0.312,0.282,0.237,0.2,0.128,0.06163,0.00489,0,0,0,0,0,0,0,0,0
Pt-free cathode catalysts prepared via multi-step pyrolysis of Fe phthalocyanine and phenolic resin for fuel cells,2010,800-II-NH3,0,0,0,0,0,0,0.0073,0.73,0.029,,0,,,,,,,,,,Fe phthalocyanine/phenolic resin,,,,,,,,,,,,,,,,,,,,,,,,,,,,,,,,,,,,,,,,,,,,,,,,,,,,,,,,,,,,,,,,,,,,,,,,,,,,,,,,600,5,,,,1,0,,,,,800,1,,,,533,,,,,,,,0.5,1,4,0.5,0.457,Nafion 115,125,120,2,1.5,100,,80,,,0.2,520,0,576,131,1.01,0.823,0.767,0.717,0.664,0.631,0.603,0.572,0.555,0.52,0.491,0.453,0.424,0.396,0.368,0.335,0.3,0.248,0.198,0.1513,0.11039,0.07425,0.0421,0.0133,0,0,0,0,0
Pt-free cathode catalysts prepared via multi-step pyrolysis of Fe phthalocyanine and phenolic resin for fuel cells,2010,1000-III-NH3,0,0,0,0,0,0,0.0059,0.59,0.009,,0,,,,,,,,,,Fe phthalocyanine/phenolic resin,,,,,,,,,,,,,,,,,,,,,,,,,,,,,,,,,,,,,,,,,,,,,,,,,,,,,,,,,,,,,,,,,,,,,,,,,,,,,,,,600,5,,,,1,0,,,,,1000,1,,,,849,,,,,,,,0.5,1,4,0.5,0.457,Nafion 115,125,120,2,1.5,100,,80,,,0.2,560,0,652,163,1.03,0.837,0.8,0.739,0.7,0.653,0.617,0.583,0.561,0.519,0.491,0.455,0.432,0.416,0.391,0.368,0.349,0.324,0.301,0.27905,0.25903,0.24068,0.22381,0.20824,0.19384,0.18046,0.16802,0.15641,0.14555
"Ordered Mesoporous FeN-Doped Carbon: A Class of Highly Active and Stable Catalysts in Acid, Base and Polymer Electrolyte Membrane Fuel Cell",2018,OMFeNC-800,1,0,0,0,0,0,0.0475,4.75,0.061,0.092,0,,,,,,,,,,SBA-15/HEMIN/PTFE,,,,,,,,,,,,,,,,,,,200,,,,,,,,,,,,,,,,,,,,,,,,,,,,,,,,,,,,,,,,,,,,,200,,,,,1000,,,,,,,,,,,800,2,,,,0,0,,,,,,,,,,531,0.10099,0.89901,0,0.95,0.78,,,1.5,5,2.8,1,0.4,Nafion 211,25,125,,,100,0,60,200,100,0.2068,335,0,240,0,0.8,0.675,0.62,0.565,0.53,0.5,0.46,0.435,0.405,0.38,0.35,0.325,0.295,0.27,0.24,0.21,0.18156,0.15592,0.1327,0.11157,0.09225,0.07452,0.0582,0.04312,0.02915,0.01617,0.00407,0,0
Effect of Furfuryl Alcohol on Metal Organic Framework-based Fe/N/C Electrocatalysts for Polymer Electrolyte Membrane Fuel Cells,2014,Fe1/50/50-NCZ8-700(5)-950,0,0,0,0,0,0,0.024,2.4,,,0,,,,,,,,,,"FA/Fe(NO3)3.9H2O/1,10-phenanthroline/ZIF-NC",,,,14.428,,,,,,,,,,,,,,,,,,,,,,,,,,,,,,,120,,,,,,,,,,,,,,,,,,,,,,100,,,,,,,,,,,,,,100,,,,,,,950,0.25,700,1,,,5,0,0,,,,,,,,,,857,0.96264,0.03736,0,0.94,0.76,,,1.5,4.84,4,0.5,,Nafion 211,25,125,2,,100,0,80,60,60,0.1,375,0,435,60,0.9,0.775,0.705,0.655,0.61,0.58,0.53,0.495,0.45,0.41,0.375,0.34,0.3,0.26238,0.22898,0.19914,0.1723,0.14805,0.12602,0.10592,0.08751,0.07059,0.05497,0.04052,0.02711,0.01463,0.00299,0,0
Seeded growth of branched ironenitrogen-doped carbon nanotubes as a high performance and durable non-precious fuel cell cathode,2020,Fe-ZIF',0,0,0,0,0,0,,,,,0,,,,,,,,,,2-methylimidazole/Zn(NO3)2.6H2O/Fe(acac)3,,,,,,,,,,,,,,,,,,,,,,,,,,,,,,,,,,,,,,,,,,,,,,,,,,,,,,,,,,,,,,,,,,,,,,,,,,,,,,,,900,3,,,,,0,,,,,,,,,,,0.29,0.71,,0.89,0.765,,,1.86,4,4,0.25,,Nafion 211,25,125,3,5,100,,,,,,430,0,280,20,0.9,0.72,0.62,0.58,0.55,0.505,0.49,0.465,0.445,0.41,0.398,0.38,0.37,0.36031,0.35119,0.3426,0.33449,0.32683,0.31957,0.31269,0.30615,0.29994,0.29403,0.28839,0.28301,0.27787,0.27296,0.26826,0.26376
Seeded growth of branched ironenitrogen-doped carbon nanotubes as a high performance and durable non-precious fuel cell cathode,2020,Fe-ZIF¡¯/CNT-2,0,0,0,0,0,0,0.049,4.9,0.033,,0,,,,,,,,,,MS/FeCl3/2-methylimidazole/Zn(NO3)2.6H2O/Fe(acac)3,,,,,,,,,,,,,,,,,,,,,,,,,,,,,,,,,,,,,,,,,,,,,,,,,,,,,,,,,,,,,,,,,,,,,,,,,,,,,,,,900,3,,,,,0,,,,,,,,,,,0.25,0.75,,0.89,0.77,,,1.86,4,4,0.25,,Nafion 211,25,125,3,5,100,,,,,,430,0,380,20,0.9,0.72,0.675,0.62,0.595,0.555,0.515,0.49,0.46,0.43,0.405,0.39,0.37,0.35086,0.33328,0.3171,0.30214,0.28827,0.27539,0.26338,0.25216,0.24166,0.2318,0.22254,0.21382,0.20559,0.19781,0.19045,0.18347
Seeded growth of branched ironenitrogen-doped carbon nanotubes as a high performance and durable non-precious fuel cell cathode,2020,Fe-ZIF¡¯/CNT-1,0,0,0,0,0,0,0.049,4.9,0.033,,0,,,,,,,,,,MS/FeCl3/2-methylimidazole/Zn(NO3)2.6H2O/Fe(acac)3,,,,,,,,,,,,,,,,,,,,,,,,,,,,,,,,,,,,,,,,,,,,,,,,,,,,,,,,,,,,,,,,,,,,,,,,,,,,,,,,900,3,,,,,0,,,,,,,,,,,0.22,0.78,,0.89,0.77,,,1.86,4,4,0.25,,Nafion 211,25,125,3,5,100,,,,,,480,0,380,20,0.92,0.72,0.675,0.62,0.595,0.56,0.52,0.5,0.485,0.45,0.42,0.405,0.39,0.37556,0.36216,0.34968,0.33805,0.32717,0.31697,0.30739,0.29839,0.28989,0.28188,0.27429,0.26711,0.2603,0.25383,0.24768,0.24182
Effect of Furfuryl Alcohol on Metal Organic Framework-based Fe/N/C Electrocatalysts for Polymer Electrolyte Membrane Fuel Cells,2014,Fe1/20/80-NCZ8FA-1050(5)-950,0,0,0,0,0,0,0.05,5,,,0,,,,,,,,,,"FA/Fe(NO3)3.9H2O/1,10-phenanthroline/ZIF-NC",,,,7.214,,,,,,,,,,,,,,,,,,,,,,,,,,,,,,,96,,,,,,,,,,,,,,,,,,,,,,20,,,,,,,,,,,,,,80,,,,,,,950,0.25,1050,1,,,5,0,0,,,,,,,,,,811,0.77108,0.22892,0,0.96,0.8,,,1.5,4.84,4,0.5,,Nafion 211,25,125,2,,100,0,80,60,60,0.1,530,0,710,150,0.9,0.81,0.78,0.745,0.705,0.665,0.635,0.605,0.575,0.55,0.51,0.485,0.46119,0.43955,0.41978,0.40167,0.385,0.36962,0.35537,0.34214,0.32983,0.31833,0.30758,0.2975,0.28803,0.27912,0.27071,0.26278,0.25527
Effect of Furfuryl Alcohol on Metal Organic Framework-based Fe/N/C Electrocatalysts for Polymer Electrolyte Membrane Fuel Cells,2014,Fe1/50/50-NCZ8FA-700(5)-950,0,0,0,0,0,0,0.022,2.2,,,0,,,,,,,,,,"FA/Fe(NO3)3.9H2O/1,10-phenanthroline/ZIF-NC",,,,14.428,,,,,,,,,,,,,,,,,,,,,,,,,,,,,,,120,,,,,,,,,,,,,,,,,,,,,,100,,,,,,,,,,,,,,100,,,,,,,950,0.25,700,1,,,5,0,0,,,,,,,,,,695,0.94796,0.05204,0,0.93,0.78,,,1.5,4.84,4,0.5,,Nafion 211,25,125,2,,100,0,80,60,60,0.1,600,0,690,75,0.84,0.78,0.74,0.7,0.675,0.645,0.62,0.595,0.58,0.56,0.545,0.51,0.49,0.46,0.425,0.39,0.35,0.315,0.28195,0.25241,0.22583,0.20179,0.17995,0.16001,0.14175,0.12495,0.10945,0.0951,0.08178
Direct atomic-level insight into the active sites ofa high-performance PGM-free ORR catalyst,2017,(CM+PANI)-Fe-C,0,0,0,0,0,0,0.009,0.9,0.035,,0,,,,,,,,,,PANI/BP2000/CM,,,,,,,,,,,,,,,,,,,,,,,,,,,,,,,,,,,,,,,,,,,,,,,,,,,,,,,,,,,,,,,,,,,,,,,,,,,,,,,,900,1,,,,1,1,8,,900,3,,,,,1.07,1500,0.29,0.71,0,0.92,0.8,,,1.857,5,4,2,,Nafion 211,25,125,3,,100,0,80,200,200,0.03,620,0,1050,50,0.85,0.77,0.745,0.715,0.7,0.675,0.655,0.645,0.63,0.62,0.6,0.59,0.57,0.555,0.54,0.525,0.505,0.49,0.475,0.455,0.44,0.425,0.4,0.38,0.36086,0.34328,0.3271,0.31214,0.29827
Effect of Furfuryl Alcohol on Metal Organic Framework-based Fe/N/C Electrocatalysts for Polymer Electrolyte Membrane Fuel Cells,2014,Fe1/20/80-NCZ8-1050-950,0,0,0,0,0,0,0.052,5.2,,,0,,,,,,,,,,"FA/Fe(NO3)3.9H2O/1,10-phenanthroline/ZIF-NC",,,,7.214,,,,,,,,,,,,,,,,,,,,,,,,,,,,,,,96,,,,,,,,,,,,,,,,,,,,,,20,,,,,,,,,,,,,,80,,,,,,,950,0.25,1050,1,,,5,0,0,,,,,,,,,,831,0.91796,0.08204,0,0.96,0.78,,,1.5,4.84,4,0.5,,Nafion 211,25,125,2,,100,0,80,60,60,0.1,635,0,880,180,0.9,0.84,0.79,0.75,0.72,0.7,0.665,0.645,0.615,0.6,0.56,0.54,0.51,0.485,0.45,0.425,0.395,0.36656,0.34092,0.3177,0.29657,0.27725,0.25952,0.2432,0.22812,0.21415,0.20117,0.18907,0.17777
Direct atomic-level insight into the active sites ofa high-performance PGM-free ORR catalyst,2017,(CM+PANI)-Fe-C,0,0,0,0,0,0,0.009,0.9,0.035,,0,,,,,,,,,,PANI/BP2000/CM,,,,,,,,,,,,,,,,,,,,,,,,,,,,,,,,,,,,,,,,,,,,,,,,,,,,,,,,,,,,,,,,,,,,,,,,,,,,,,,,900,1,,,,1,1,8,,900,3,,,,,1.07,1500,0.29,0.71,0,0.92,0.8,,,1.857,5,4,2,,Nafion 211,25,125,3,,100,0,80,200,200,0.1,870,1,2150,175,0.9,0.81,0.79,0.77,0.75,0.74,0.73,0.72,0.71,0.7,0.69,0.675,0.665,0.65,0.64,0.635,0.62,0.61,0.6,0.59,0.575,0.565,0.55,0.545,0.535,0.52,0.51,0.505,0.50011
Direct atomic-level insight into the active sites ofa high-performance PGM-free ORR catalyst,2017,(CM+PANI)-Fe-C,0,0,0,0,0,0,0.009,0.9,0.035,,0,,,,,,,,,,PANI/BP2000/CM,,,,,,,,,,,,,,,,,,,,,,,,,,,,,,,,,,,,,,,,,,,,,,,,,,,,,,,,,,,,,,,,,,,,,,,,,,,,,,,,900,1,,,,1,1,8,,900,3,,,,,1.07,1500,0.29,0.71,0,0.92,0.8,,,1.857,5,4,2,,Nafion 211,25,125,3,,100,0,80,200,200,0.2,940,1,2100,230,0.92,0.84,0.802,0.785,0.77,0.75,0.74,0.73,0.72,0.71,0.7,0.695,0.68,0.67,0.66,0.65,0.64,0.635,0.625,0.615,0.605,0.6,0.595,0.58,0.575,0.565,0.555,0.55,0.54511
"Stabilization of Iron-Based Fuel Cell Catalysts by Non-Catalytic
Platinum",2018,Fe1.0d,0,0,0,0,0,0,0.01,1,,,0,,,,,,,,,,"ZIF-8/Fe(Ac)2/1,10-phenanthroline",,,,,,,,,,,,,,,,,,,,,,,,,,,,,,,,,,,,,,,,,,,,,,,,,,,,,,,,,,,,,,,,,,,,,,,,,,,,,,,,1050,1,,,,,0,,,,,,,,,,,,,,,,,,1.42,4.84,,0.5,0.46,Nafion 211,25,130,2,,100,,80,50,50,,315,0,290,20,0.95,0.71,0.695,0.595,0.55,0.52,0.48,0.45,0.42156,0.39592,0.3727,0.35157,0.33225,0.31452,0.2982,0.28312,0.26915,0.25617,0.24407,0.23277,0.2222,0.21228,0.20296,0.19419,0.18591,0.17808,0.17068,0.16366,0.15701
"Stabilization of Iron-Based Fuel Cell Catalysts by Non-Catalytic
Platinum",2018,Pt1.0Fe1.0d,0,0.01,0,0,0,0,,,,,0,,,,,,,,,,"Pt(NH3)4Cl2¡¤H2O/ZIF-8/Fe(Ac)2/1,10-phenanthroline",,,,,,,,,,,,,,,,,,,,,,,,,,,,,,,,,,,,,,,,,,,,,,,,,,,,,,,,,,,,,,,,,,,,,,,,,,,,,,,,,,,,,,0,,,,,,,,,,,,,,,,,,1.42,4.84,,0.5,0.46,Nafion 211,25,130,2,,100,,80,50,50,,343,0,350,20,0.95,0.72,0.66,0.625,0.59,0.55,0.525,0.49,0.45695,0.42741,0.40083,0.37679,0.35495,0.33501,0.31675,0.29995,0.28445,0.2701,0.25678,0.24438,0.23281,0.22198,0.21184,0.20231,0.19335,0.1849,0.17692,0.16937,0.16222
Highly efficient nonprecious metal catalyst prepared with metal¨Corganic framework in a continuous carbon nanofibrous network,2015,ZIF8_0%,0,0,0,0,0,0,0.0056,0.56,0.0685,,0,,,,,,,,,,"TPI/ZIF-8/PAN/poly
(methyl methacrylate) ",,,,,,,,,,,,0.02439,,,,,,,,,,,,,,,,,,,,,,0,,,,,,75,,,,50,,,,,,,,,,,,,,,,,,,,,,,,,,,,,,,,,,900,1,1000,1,,,,1,1,25,0.67,,,700,1,,,,156,0.41,0.59,0,,,,,1,5,2,0.3,0.2,Nafion211,25,130,2,13.61,100,0,80,300,400,0.2,374,0,200,30,0.86,0.66,0.6,0.55,0.51,0.49,0.45,0.435,0.42,0.39,0.37,0.34,0.31,0.3,0.275,0.25,0.235,0.215,0.2,0.18,0.165,0.15,0.125,0.1,0.07619,0.05455,0.03478,0.01667,0.00E+00
Networking Pyrolyzed Zeolitic Imidazolate Frameworks by Carbon Nanotubes Improves Conductivity and Enhances Oxygen-Reduction Performance in Polymer-ElectrolyteMembrane Fuel Cells,2017,ZIF'-FA-P,0,0,0.32,0,0,0,0.0532,5.32,0.07432,0.10185,0,,,,,,,,,,,,,,,,,,74.81,,,,,,,,,,,,,,,,,,,,,1496.17,,,3700,,,5642,,,,,,,,,,,,,,,,,,,,,,,,,,,,,,,,,,,,,,,,,,,,,950,2,,,5,0,0,,,,,,,,,,904.5,0.28811,0.71189,0,0.9,0.82,,,1,1.69,4.5,0.4,0.4,Nafion211,25,130,2.25,3,100,0,80,300,300,0.1,450,0,660,150,0.97,0.84,0.78,0.74,0.705,0.66,0.625,0.58,0.55,0.525,0.455,0.38,0.34,0.26,0.18657,0.12428,0.07077,0.02432,0,0,0,0,0,0,0,0,0,0,0
Networking Pyrolyzed Zeolitic Imidazolate Frameworks by Carbon Nanotubes Improves Conductivity and Enhances Oxygen-Reduction Performance in Polymer-ElectrolyteMembrane Fuel Cells,2017,ZIF'-CNT-P,0,0,0.03,0,0,0,0.0509,5.09,0.07722,0.11,0,,,,,,,,,,,,,,,,,,74.81,,,,,,,,,,,,,,,,,,,,,1496.17,,,3700,,,,,,,,,,,,,,,100,,,,,,,,,,,,,,,,,,,,,,,,,,,,,,,,,950,2,,,5,0,0,,,,,,,,,,495.99,0.25259,0.74741,0,0.9,0.81,,,1,1.69,4.5,0.4,0.4,Nafion211,25,130,2.25,3,100,0,80,300,300,0.1,515,0,300,16,0.82,0.695,0.64,0.6,0.57,0.54,0.51,0.495,0.475,0.455,0.43,0.41,0.4,0.375,0.36,0.345,0.325,0.305,0.29,0.26,0.25,0.225,0.21,0.2,0.175,0.15119,0.12955,0.10978,0.09167
Hierarchically Ordered Porous Carbon with Atomically Dispersed FeN4 for Ultraefficient Oxygen Reduction Reaction in Proton-Exchange Membrane Fuel Cells,2020,FeN4/C,1,0,0.0247,0,0,0,0.0146,1.46,0.0535,0.0287,0,,,,,,,,,,Zn(NO3)2¡¤6H2O/Fe(NO3)3¡¤9H2O/ 2-methylimidazole,,,,,,,,,,,,,,,,,,,,,,,,,,,,,,,,,,,,,,,,,,,,,,,,,,,,,,,,,,,,,,,,,,,,,,,,,,,,,,,,1000,2,,,,0,0,,,,,,,,,,1483.2,,,,0.86,0.72,,,,,4,1,0.4,Nafion 212,50,130,3,,100,0,80,200,200,0.101,550,0,400,100,0.94,0.8,0.7,0.64,0.6,0.56,0.53,0.51,0.485,0.47,0.45,0.43,0.42,0.4,0.38,0.36,0.34,0.32,0.3,0.28,0.25,0.225,0.21,0.2,0.18,0.16086,0.14328,0.1271,0.11214
Highly efficient nonprecious metal catalyst prepared with metal¨Corganic framework in a continuous carbon nanofibrous network,2015,ZIF8_14%,0,0,0,0,0,0,0.0056,0.56,0.0702,,0,,,,,,,,,,"TPI/ZIF-8/PAN/poly
(methyl methacrylate)",,,,,,,,,,,,0.02439,,,,,,,,,,,,,,,,,,,,,,0.14,,,,,,0.5016,,,,0.3344,,,,,,,,,,,,,,,,,,,,,,,,,,,,,,,,,,900,1,1000,1,,,,1,1,25,0.67,,,700,1,,,,627,0.7,0.3,0,,,,,1,5,2,0.3,0.2,Nafion211,25,130,2,13.61,100,0,80,300,400,0.2,609,0,450,50,0.9,0.745,0.685,0.64,0.61,0.59,0.56,0.535,0.515,0.5,0.475,0.46,0.44,0.42,0.405,0.39,0.365,0.35,0.335,0.31,0.3,0.29,0.255,0.245,0.225,0.2,0.17619,0.15455,0.13478
Networking Pyrolyzed Zeolitic Imidazolate Frameworks by Carbon Nanotubes Improves Conductivity and Enhances Oxygen-Reduction Performance in Polymer-ElectrolyteMembrane Fuel Cells,2017,ZIF'-P,0,0,0.92,0,0,0,0.0553,5.53,0.07288,0.12901,0,,,,,,,,,,,,,,,,,,74.81,,,,,,,,,,,,,,,,,,,,,1496.17,,,3700,,,,,,,,,,,,,,,,,,,,,,,,,,,,,,,,,,,,,,,,,,,,,,,,950,2,,,5,0,0,,,,,,,,,,706.3,0.35408,0.64592,0,0.9,0.81,,,1,1.69,4.5,0.4,0.4,Nafion211,25,130,2.25,3,100,0,80,300,300,0.1,620,0,625,100,0.94,0.795,0.75,0.715,0.69,0.655,0.625,0.595,0.56,0.54,0.51,0.495,0.47,0.45,0.42,0.4,0.39,0.37,0.35,0.32,0.3,0.275,0.255,0.24,0.22,0.195,0.17119,0.14955,0.12978
Highly active oxygen reduction non-platinum group metal electrocatalyst without direct metal¨Cnitrogen coordination,2015,FePhen@MOF-ArNH3,0,0,0.0013,0,0,0,0.031,3.1,,,0,,,,,,,,,,ZIF-8/Phen/Fe(Ac)2,,,,,,,,,81,,,,,,,,,,,,,,,,,,,,10800,,,5900,,,,,,,,,,,,,,,,,,,,,,,,,12960,,,,,,,,,,,,,,,,,,,,,1050,0.3,1050,1,,,,0,0,,,,,,,,,,1200,0.60539,0.39461,0,0.93,0.77,,,1.5,5,3,0.4,0.46,Nafion 211,25,130,5,9.0718,100,0,80,,,0.15168,680,0,750,70,0.88,0.775,0.74,0.705,0.68,0.65,0.63,0.605,0.59,0.565,0.55,0.525,0.505,0.485,0.46,0.44,0.42,0.4,0.375,0.35,0.335,0.31,0.29,0.265,0.25,0.23,0.21,0.19086,0.17328
Environmental-Friendly Solid Synthesis of Fe-N-C Electrocatalyst with Fe Exclusively in Atomically Dispersed Fe-N4 Moieties for High-Power Proton Exchange Membrane Fuel Cells,2017,Fe2-Z8-C,0,0,0,0,0,0,0.03,3,,,0,,,,,,,,,,,,,,,,,,,28.8,,,,,,,,,,,,,,,,,,,,,,,1707,,,,,,,,,,,,,,,,,,,,,,,,,,,,,,,638,,,,,,,,,,,500,,,,,,1000,2,,,10,,0,,,,,,,,,,1264.9,0.91894,0.08106,0,0.902,0.805,,,1,5,4.2,0.33,0.2,Nafion 211,25,130,1.5,1.5,100,0,80,300,400,0.25,705,0,1080,300,1,0.86,0.835,0.8,0.775,0.755,0.735,0.7,0.68,0.65,0.62,0.595,0.56,0.535,0.5,0.475,0.435,0.4,0.375,0.325,0.29,0.24,0.2,0.16238,0.12898,0.09914,0.0723,0.04805,0.02602
Single-Atom to Single-Atom Grafting of Pt1 onto Fe-N4 Center: Pt1@Fe-N-C Multifunctional Electrocatalyst with Significantly Enhanced Properties,2018,Pt1@Fe-N-C,1,0.021,0,0,0,0,0.01,1,0.0688,0.0764,0,,,,,,,,,,"ZIF-8/1,10-phenanthroline/Chloroplatinic acid/FeAc",,,,,,,,,,,,,,,,,,,,,,,,,,,4.2,,,,,920,,,,,,,,,,,,,,,,,,,,,,,,,,,,,,,400,,,,,,,,,,,,,,,900,0.167,1000,1,,,,1,0.5,25,6,450,2,,,,,1.2,979.8,0.95028,0.04972,0,0.93,0.8,12,,1,5,1,0.45,0.2,Nafion 211,25,130,2,13.34,100,0,80,300,400,0.206,710,1,925,130,1,0.82,0.77,0.745,0.72,0.7,0.675,0.65,0.625,0.605,0.58,0.55,0.535,0.515,0.48,0.46,0.435,0.415,0.39,0.36,0.35,0.32,0.3,0.27,0.25,0.21328,0.1971,0.18214,0.16827
Highly efficient nonprecious metal catalyst prepared with metal¨Corganic framework in a continuous carbon nanofibrous network,2015,ZIF8_39%,0,0,0,0,0,0,0.0056,0.56,0.0983,,0,,,,,,,,,,"TPI/ZIF-8/PAN/poly
(methyl methacrylate)",,,,,,,,,,,,0.02439,,,,,,,,,,,,,,,,,,,,,,0.39,,,,,,0.366,,,,0.244,,,,,,,,,,,,,,,,,,,,,,,,,,,,,,,,,,900,1,1000,1,,,,1,1,25,0.67,,,700,1,,,,863,0.78,0.22,0,,,,,1,5,2,0.3,0.2,Nafion211,25,130,2,13.61,100,0,80,300,400,0.2,712,1,800,150,0.99,0.81,0.77,0.725,0.7,0.675,0.64,0.62,0.6,0.575,0.55,0.525,0.51,0.495,0.47,0.45,0.425,0.41,0.395,0.375,0.355,0.325,0.305,0.29,0.275,0.25,0.23,0.21,0.19086
Single-Atom to Single-Atom Grafting of Pt1 onto Fe-N4 Center: Pt1@Fe-N-C Multifunctional Electrocatalyst with Significantly Enhanced Properties,2018,Fe-N-C,1,0,0,0,0,0,0.012,1.2,0.0679,0.075,0,,,,,,,,,,"ZIF-8/1,13-phenanthroline/FeAc",,,,,,,,,,,,,,,,,,,,,,,,,,,,,,,,920,,,,,,,,,,,,,,,,,,,,,,,,,,,,,,,400,,,,,,,,,,,,,,,900,0.167,1000,1,,,,1,0.5,25,6,,,,,,,1.2,744,0.94997,0.05003,0,0.9,0.79,36,,1,5,3,0.45,0.2,Nafion 211,25,130,2,13.34,100,0,80,300,400,0.206,720,1,1560,400,1.02,0.86,0.83,0.81,0.79,0.77,0.76,0.75,0.74,0.725,0.71,0.7,0.675,0.645,0.62,0.59,0.56,0.525,0.5,0.475,0.44,0.41,0.375,0.35,0.32619,0.30455,0.28478,0.26667,0.25
Environmental-Friendly Solid Synthesis of Fe-N-C Electrocatalyst with Fe Exclusively in Atomically Dispersed Fe-N4 Moieties for High-Power Proton Exchange Membrane Fuel Cells,2017,Fe2-Z8-C,0,0,0,0,0,0,0.03,3,,,0,,,,,,,,,,,,,,,,,,,28.8,,,,,,,,,,,,,,,,,,,,,,,1707,,,,,,,,,,,,,,,,,,,,,,,,,,,,,,,638,,,,,,,,,,,500,,,,,,1000,2,,,10,,0,,,,,,,,,,1264.9,0.91894,0.08106,0,0.902,0.805,,,1,5,0.63,0.33,0.2,Nafion 211,25,130,1.5,1.5,100,0,80,300,400,0.25,740,1,500,30,0.925,0.72,0.68,0.65,0.625,0.6,0.58,0.56,0.54,0.525,0.505,0.495,0.475,0.455,0.445,0.425,0.41,0.4,0.39,0.37,0.355,0.345,0.33,0.315,0.305,0.295,0.29,0.275,0.26056
Highly efficient nonprecious metal catalyst prepared with metal¨Corganic framework in a continuous carbon nanofibrous network,2015,ZIF8_24%,0,0,0,0,0,0,0.0056,0.56,0.0903,,0,,,,,,,,,,"TPI/ZIF-8/PAN/poly
(methyl methacrylate)",,,,,,,,,,,,0.02439,,,,,,,,,,,,,,,,,,,,,,0.24,,,,,,0.4416,,,,0.2944,,,,,,,,,,,,,,,,,,,,,,,,,,,,,,,,,,900,1,1000,1,,,,1,1,25,0.67,,,700,1,,,,809,0.84,0.16,0,0.92,0.8,,2.4,1,5,2,0.3,0.2,Nafion211,25,130,2,13.61,100,0,80,300,400,0.2,751,1,900,180,0.99,0.835,0.795,0.76,0.725,0.7,0.675,0.645,0.625,0.6,0.575,0.55,0.535,0.51,0.49,0.475,0.45,0.425,0.405,0.395,0.37,0.35,0.335,0.31,0.295,0.275,0.25,0.24,0.23031
Is the rapid initial performance loss of Fe/N/C non precious metal catalysts due to micropore flooding?,2016,Fe-N-C-PANI-Phen ,0,0,0,0,0,0,0.0171,1.71,0.03938,0.03337,4.65E-04,,,,,,,,,,,,,,,,5000,,,30,,,,,,,,,,,,,,,,,,,,,,,,,,,,,,2500,1500,,,,,,,,,,,,,,,,,500,,,500,,,,,,,,,,,,,,,,,,,,900,1,,,,1,1,,8,900,3,900,0.25,,,,1244,0.40405,0.59595,0,,,,,0.54,5,8,0.2,,Nafion 211,25,130,5,6.8947,100,0,80,200,200,0.103,780,1,860,90,0.9,0.78,0.735,0.715,0.69,0.665,0.65,0.625,0.61,0.595,0.575,0.55,0.535,0.52,0.5,0.475,0.455,0.445,0.425,0.405,0.39,0.365,0.35,0.325,0.31,0.29556,0.28216,0.26968,0.25805
Single-Atom to Single-Atom Grafting of Pt1 onto Fe-N4 Center: Pt1@Fe-N-C Multifunctional Electrocatalyst with Significantly Enhanced Properties,2018,Pt1@Fe-N-C,1,0.021,0,0,0,0,0.01,1,0.0688,0.0764,0,,,,,,,,,,"ZIF-8/1,10-phenanthroline/Chloroplatinic acid/FeAc",,,,,,,,,,,,,,,,,,,,,,,,,,,4.2,,,,,920,,,,,,,,,,,,,,,,,,,,,,,,,,,,,,,400,,,,,,,,,,,,,,,900,0.167,1000,1,,,,1,0.5,25,6,450,2,,,,,1.2,979.8,0.95028,0.04972,0,0.93,0.8,12,,1,5,2,0.45,0.2,Nafion 211,25,130,2,13.34,100,0,80,300,400,0.206,800,1,1135,200,1,0.84,0.8,0.775,0.755,0.735,0.71,0.69,0.665,0.65,0.63,0.6,0.58,0.56,0.54,0.515,0.49,0.46,0.435,0.42,0.39,0.36,0.335,0.305,0.28,0.25619,0.23455,0.21478,0.19667
Single-Atom to Single-Atom Grafting of Pt1 onto Fe-N4 Center: Pt1@Fe-N-C Multifunctional Electrocatalyst with Significantly Enhanced Properties,2018,Pt1@Fe-N-C,1,0.021,0,0,0,0,0.01,1,0.0688,0.0764,0,,,,,,,,,,"ZIF-8/1,10-phenanthroline/Chloroplatinic acid/FeAc",,,,,,,,,,,,,,,,,,,,,,,,,,,4.2,,,,,920,,,,,,,,,,,,,,,,,,,,,,,,,,,,,,,400,,,,,,,,,,,,,,,900,0.167,1000,1,,,,1,0.5,25,6,450,2,,,,,1.2,979.8,0.95028,0.04972,0,0.93,0.8,12,,1,5,4,0.45,0.2,Nafion 211,25,130,2,13.34,100,0,80,300,400,0.206,810,1,1275,350,1,0.87,0.835,0.81,0.78,0.77,0.745,0.72,0.7,0.685,0.66,0.64,0.615,0.59,0.56,0.535,0.5,0.47,0.435,0.4,0.365,0.32,0.275,0.225,0.1783,0.13739,0.10125,0.0691,0.0403
S-Doping of an Fe/N/C ORR Catalyst for Polymer Electrolyte Membrane Fuel Cells with High Power Density,2015,Fe-N-C-Cl,1,0,0,0,0,0,0.0464,4.64,0.049,,0.007,,,,,,,,,,mPDA/KJ600/FeCl3 ,,,,,,1.459,,,,,,,,,,,,,,,,,,,,,,,,,,,,,,15000,,,,,,,,,,,,,,,,,,,,,,,,2000,,,,,,,,,,,,,,,,,,,,950,3,,,,1,1,80,8,950,3,,,,,,656,0.75915,0.24085,0,0.92,0.82,,,1.07,1,4,0.4,0.4,Nafion211,25,130,2.25,3,100,0,80,300,300,0.2,810,1,750,75,0.97,0.8,0.755,0.71,0.68,0.655,0.63,0.61,0.59,0.575,0.555,0.54,0.52,0.505,0.49,0.475,0.455,0.44,0.42,0.41,0.39,0.375,0.36,0.35,0.335,0.31,0.28619,0.26455,0.24478
Environmental-Friendly Solid Synthesis of Fe-N-C Electrocatalyst with Fe Exclusively in Atomically Dispersed Fe-N4 Moieties for High-Power Proton Exchange Membrane Fuel Cells,2017,Fe2-Z8-C,0,0,0,0,0,0,0.03,3,,,0,,,,,,,,,,,,,,,,,,,28.8,,,,,,,,,,,,,,,,,,,,,,,1707,,,,,,,,,,,,,,,,,,,,,,,,,,,,,,,638,,,,,,,,,,,500,,,,,,1000,2,,,10,,0,,,,,,,,,,1264.9,0.91894,0.08106,0,0.902,0.805,,,1,5,0.91,0.33,0.2,Nafion 211,25,130,1.5,1.5,100,0,80,300,400,0.25,810,1,600,30,0.91,0.725,0.69,0.66,0.635,0.61,0.6,0.575,0.555,0.54,0.52,0.51,0.495,0.48,0.46,0.45,0.44,0.425,0.41,0.4,0.39,0.375,0.36,0.35,0.34,0.325,0.315,0.305,0.29531
Is the rapid initial performance loss of Fe/N/C non precious metal catalysts due to micropore flooding?,2016,Fe-N-C-PANI-Phen ,0,0,0,0,0,0,0.0171,1.71,0.03938,0.03337,4.65E-04,,,,,,,,,,,,,,,,5000,,,30,,,,,,,,,,,,,,,,,,,,,,,,,,,,,,2500,1500,,,,,,,,,,,,,,,,,500,,,500,,,,,,,,,,,,,,,,,,,,900,1,,,,1,1,,8,900,3,900,0.25,,,,1244,0.40405,0.59595,0,,,,,0.54,5,8,0.2,,Nafion 211,25,130,5,6.8947,60,0,80,200,200,0.103,819,1,1020,100,0.91,0.8,0.76,0.73,0.715,0.69,0.675,0.65,0.64,0.625,0.6,0.585,0.56,0.545,0.525,0.505,0.49,0.46,0.45,0.425,0.405,0.39,0.365,0.34,0.325,0.3,0.27619,0.25455,0.23478
Networking Pyrolyzed Zeolitic Imidazolate Frameworks by Carbon Nanotubes Improves Conductivity and Enhances Oxygen-Reduction Performance in Polymer-ElectrolyteMembrane Fuel Cells,2017,ZIF'-FA-CNT-P,0,0,0.02,0,0,0,0.0518,5.18,0.08448,0.09894,0,,,,,,,,,,,,,,,,,,74.81,,,,,,,,,,,,,,,,,,,,,1496.17,,,3700,,,5642,,,,,,,,,,,,100,,,,,,,,,,,,,,,,,,,,,,,,,,,,,,,,,950,2,,,5,0,0,,,,,,,,,,507.66,0.19964,0.80036,0,0.95,0.8,,,1,1.69,4.5,0.4,0.4,Nafion211,25,130,2.25,3,100,0,80,300,300,0.1,820,1,875,90,0.925,0.79,0.75,0.725,0.7,0.675,0.65,0.625,0.61,0.59,0.575,0.55,0.54,0.525,0.5,0.48,0.47,0.45,0.44,0.425,0.4,0.39,0.375,0.355,0.345,0.325,0.31,0.3,0.29031
Single-Atom to Single-Atom Grafting of Pt1 onto Fe-N4 Center: Pt1@Fe-N-C Multifunctional Electrocatalyst with Significantly Enhanced Properties,2018,Pt1@Fe-N-C,1,0.021,0,0,0,0,0.01,1,0.0688,0.0764,0,,,,,,,,,,"ZIF-8/1,10-phenanthroline/Chloroplatinic acid/FeAc",,,,,,,,,,,,,,,,,,,,,,,,,,,4.2,,,,,920,,,,,,,,,,,,,,,,,,,,,,,,,,,,,,,400,,,,,,,,,,,,,,,900,0.167,1000,1,,,,1,0.5,25,6,450,2,,,,,1.2,979.8,0.95028,0.04972,0,0.93,0.8,12,,1,5,3,0.45,0.2,Nafion 211,25,130,2,13.34,100,0,80,300,400,0.206,860,1,1325,300,1,0.855,0.82,0.8,0.775,0.76,0.745,0.72,0.7,0.685,0.665,0.65,0.625,0.6,0.575,0.55,0.525,0.5,0.475,0.44,0.415,0.38,0.35,0.32,0.28,0.24238,0.20898,0.17914,0.1523
Fe¨CN¨CC electrocatalyst with dense active sites and efficient mass transport for high-performance proton exchange membrane fuel cells,2019,TPI@Z8-650-C,0,0,0.0158,0,0,0,0.0303,3.03,0.1079,0.0326,0,,,,,,,,,,TPI/ZIF-8,,,,,,,,,4.3736,,,,,,,,,,,,,,,,,,,,2205,,,2430,,,,,,,,,,,,,,,,,,,,,,,,,13.5945,,,,,,,,,,,,,,,,,,,,,800,0.25,1000,1,,,10,0,0,,,,,,,,,,1368,0.84272,0.15728,0,0.93,0.811,,,1,5,2.7,0.2,0.4,Nafion 211,25,130,1.5,1.5,100,0,80,300,400,0.25,870,1,1220,260,0.91,0.85,0.815,0.795,0.775,0.75,0.73,0.71,0.695,0.675,0.65,0.625,0.605,0.58,0.55,0.525,0.5,0.475,0.45,0.43,0.415,0.4,0.385,0.37,0.355,0.345,0.33,0.32,0.31031
Environmental-Friendly Solid Synthesis of Fe-N-C Electrocatalyst with Fe Exclusively in Atomically Dispersed Fe-N4 Moieties for High-Power Proton Exchange Membrane Fuel Cells,2017,Z8-Fe2-C,0,0,0,0,0,0,0.03,3,,,0,,,,,,,,,,,29,,,,,,,,,,,,,,,,,,,,,,,,,,,,,,,10301,,,,,,,,,,,,,,,,,,,,,,,,,,,,,,,2552.16,,,,,,,,,,,3000,,,,,,1000,2,,,10,,0,,,,,,,,,,,,,,0.85,0.76,,,1,5,2.7,0.33,0.2,Nafion 211,25,130,1.5,1.5,100,0,80,300,400,0.25,890,1,1300,200,0.86,0.845,0.8,0.775,0.75,0.73,0.71,0.7,0.685,0.67,0.65,0.63,0.61,0.6,0.575,0.55,0.54,0.51,0.5,0.475,0.45,0.425,0.4,0.375,0.35,0.325,0.302,0.28,0.25899
Highly efficient nonprecious metal catalyst prepared with metal¨Corganic framework in a continuous carbon nanofibrous network,2015,ZIF8_24%,0,0,0,0,0,0,0.0056,0.56,0.0903,,0,,,,,,,,,,"TPI/ZIF-8/PAN/poly
(methyl methacrylate)",,,,,,,,,,,,0.02439,,,,,,,,,,,,,,,,,,,,,,0.24,,,,,,0.4416,,,,0.2944,,,,,,,,,,,,,,,,,,,,,,,,,,,,,,,,,,900,1,1000,1,,,,1,1,25,0.67,,,700,1,,,,809,0.84,0.16,0,0.92,0.8,,2.4,1.5,5,3,0.3,0.2,Nafion211,25,130,2,13.61,100,0,80,300,400,0.2,900,1,1240,250,1,0.85,0.81,0.79,0.76,0.745,0.72,0.7,0.68,0.655,0.645,0.62,0.6,0.58,0.56,0.54,0.525,0.5,0.48,0.47,0.445,0.425,0.4,0.38,0.36,0.35,0.34031,0.33119,0.3226
S-Doping of an Fe/N/C ORR Catalyst for Polymer Electrolyte Membrane Fuel Cells with High Power Density,2015,Fe-N-C/SCN,1,0,0,0,0,0,0.0369,3.69,0.044,,0.021,,,,,,,,,,mPDA/KJ600/Fe(SCN)3 ,,,,,,,2.07,,,,,,,,,,,,,,,,,,,,,,,,,,,,,15000,,,,,,,,,,,,,,,,,,,,,,,,2000,,,,,,,,,,,,,,,,,,,,950,3,,,,1,1,80,8,950,3,,,,,,751,0.55126,0.44874,0,0.95,0.836,,,1.07,1,4,0.4,0.4,Nafion211,25,130,2.25,3,100,0,80,300,300,0.1,940,1,1225,160,0.97,0.825,0.795,0.77,0.75,0.73,0.705,0.695,0.675,0.655,0.64,0.625,0.605,0.575,0.565,0.55,0.53,0.515,0.495,0.475,0.46,0.44,0.425,0.41,0.385,0.37,0.35,0.32,0.29156
Environmental-Friendly Solid Synthesis of Fe-N-C Electrocatalyst with Fe Exclusively in Atomically Dispersed Fe-N4 Moieties for High-Power Proton Exchange Membrane Fuel Cells,2017,Fe2-Z8-C w/o PVP,0,0,0,0,0,0,0.03,3,,,0,,,,,,,,,,,,,,,,,,,28.8,,,,,,,,,,,,,,,,,,,,,,,1707,,,,,,,,,,,,,,,,,,,,,,,,,,,,,,,638,,,,,,,,,,,,,,,,,1000,2,,,10,,0,,,,,,,,,,1198.6,0.90523,0.09477,0,0.902,0.805,,,1,5,2.8,0.33,0.2,Nafion 211,25,130,1.5,1.5,100,0,80,300,400,0.25,975,1,1300,200,0.98,0.825,0.8,0.78,0.75,0.74,0.72,0.701,0.69,0.665,0.65,0.64,0.62,0.6,0.59,0.565,0.55,0.535,0.515,0.5,0.485,0.455,0.44,0.42,0.4,0.385,0.36,0.35,0.34031
Environmental-Friendly Solid Synthesis of Fe-N-C Electrocatalyst with Fe Exclusively in Atomically Dispersed Fe-N4 Moieties for High-Power Proton Exchange Membrane Fuel Cells,2017,Fe2-Z8-C,0,0,0,0,0,0,0.03,3,,,0,,,,,,,,,,,,,,,,,,,28.8,,,,,,,,,,,,,,,,,,,,,,,1707,,,,,,,,,,,,,,,,,,,,,,,,,,,,,,,638,,,,,,,,,,,500,,,,,,1000,2,,,10,,0,,,,,,,,,,1264.9,0.91894,0.08106,0,0.902,0.805,,,1,5,1.9,0.33,0.2,Nafion 211,25,130,1.5,1.5,100,0,80,300,400,0.25,1000,1,1200,200,0.98,0.825,0.8,0.775,0.745,0.725,0.705,0.69,0.67,0.65,0.635,0.62,0.6,0.59,0.565,0.55,0.54,0.515,0.501,0.49,0.475,0.45,0.44,0.42,0.405,0.395,0.375,0.36,0.34556
S-Doping of an Fe/N/C ORR Catalyst for Polymer Electrolyte Membrane Fuel Cells with High Power Density,2015,Fe-N-C/SCN,1,0,0,0,0,0,0.0369,3.69,0.044,,0.021,,,,,,,,,,mPDA/KJ600/Fe(SCN)3 ,,,,,,,2.07,,,,,,,,,,,,,,,,,,,,,,,,,,,,,15000,,,,,,,,,,,,,,,,,,,,,,,,2000,,,,,,,,,,,,,,,,,,,,950,3,,,,1,1,80,8,950,3,,,,,,751,0.55126,0.44874,0,0.95,0.836,,,1.07,1,4,0.4,0.4,Nafion211,25,130,2.25,3,100,0,80,300,300,0.2,1030,1,1375,250,0.97,0.86,0.82,0.8,0.775,0.755,0.735,0.72,0.7,0.68,0.665,0.65,0.63,0.62,0.595,0.58,0.56,0.545,0.525,0.51,0.495,0.475,0.46,0.445,0.425,0.41,0.395,0.365,0.33656
Environmental-Friendly Solid Synthesis of Fe-N-C Electrocatalyst with Fe Exclusively in Atomically Dispersed Fe-N4 Moieties for High-Power Proton Exchange Membrane Fuel Cells,2017,Fe2-Z8-C,0,0,0,0,0,0,0.03,3,,,0,,,,,,,,,,2Mim/ZnO/FeAc/PVP,,,,,,,,,28.8,,,,,,,,,,,,,,,,,,,,,,,1707,,,,,,,,,,,,,,,,,,,,,,,,,,,,,,,638,,,,,,,,,,,500,,,,,,1000,2,,,10,,0,,,,,,,,,,1264.9,0.91894,0.08106,0,0.902,0.805,,,1,5,2.8,0.33,0.2,Nafion 211,25,130,1.5,1.5,100,0,80,300,400,0.2,1110,1,1700,400,0.99,0.875,0.84,0.81,0.795,0.775,0.755,0.75,0.735,0.715,0.7,0.685,0.675,0.65,0.645,0.625,0.61,0.6,0.59,0.57,0.55,0.515,0.5,0.49,0.475,0.45,0.43,0.415,0.29031
Environmental-Friendly Solid Synthesis of Fe-N-C Electrocatalyst with Fe Exclusively in Atomically Dispersed Fe-N4 Moieties for High-Power Proton Exchange Membrane Fuel Cells,2017,Fe2-Z8-C,0,0,0,0,0,0,0.03,3,,,0,,,,,,,,,,,,,,,,,,,28.8,,,,,,,,,,,,,,,,,,,,,,,1707,,,,,,,,,,,,,,,,,,,,,,,,,,,,,,,638,,,,,,,,,,,500,,,,,,1000,2,,,10,,0,,,,,,,,,,1264.9,0.91894,0.08106,0,0.902,0.805,,,1,5,2.8,0.33,0.2,Nafion 211,25,130,1.5,1.5,100,0,80,300,400,0.25,1141,1,1700,400,0.99,0.875,0.84,0.81,0.795,0.775,0.755,0.75,0.735,0.715,0.7,0.685,0.675,0.65,0.645,0.625,0.61,0.6,0.59,0.57,0.55,0.53,0.515,0.5,0.49,0.465,0.45,0.43,0.41086
Fe¨CN¨CC electrocatalyst with dense active sites and efficient mass transport for high-performance proton exchange membrane fuel cells,2019,TPI@Z8(SiO2)-650-C,0,0,0.0142,0,0,0,0.0301,3.01,0.1079,0.0263,0,,,,,,,,,,TPI/ZIF-8/SiO2,,,,,,,,,4.3736,,,,,,,,,,,,,,,,,,,,2205,,,2430,,,,,,,,,,,,,,,,,,,,,,,,,13.5945,,,,,,,,,,,,,,,150,,,57.6,1120.8,,800,0.25,1000,1,,,10,0,0,,,,,,,,,,1648,0.60534,0.39466,0,0.98,0.823,,,1,5,2.7,0.2,0.4,Nafion 211,25,130,1.5,1.5,100,0,80,300,400,0.25,1180,1,1750,300,0.96,0.85,0.825,0.8,0.785,0.775,0.76,0.75,0.74,0.72,0.71,0.7,0.68,0.665,0.65,0.63,0.62,0.605,0.59,0.575,0.555,0.54,0.525,0.51,0.49,0.475,0.455,0.445,0.43531
Fe/N/C Catalyst Graphitic Layer Structure and Fuel Cell Performance,2017,Fe-N-C,1,0,0,0,0,0,0.05,5,0.03,,0,,,,,,,,,,Silica/iron nitrate nonahydrate,,,1200,,,,,,,,,,,,,,,,,,,,,,,,,,,,,,,,,,12500,,,,,,,,,,,,,,,,,,,,,,,,,,,,,6000,,,,,,,,,,,,,,,,975,0.75,30,1,23,25,96,,,950,0.5,,,,,,,,,,,,,5,3,,,Nafion membrane using PTFEimpregnated glass-fiber sub-gaskets,25,131,10,3.102,100,0,80,250,200,0.1,490,0,657,100,0.956,0.8,0.75,0.72,0.69,0.66,0.63,0.59,0.55,0.51,0.47,0.44,0.4,0.375,0.35,0.32,0.19156,0.16592,0.1427,0.12157,0.10225,0.08452,0.08452,0.0682,0.05312,0.03915,0.02617,0.01407,0.00277
High-performance pyrolyzed iron corrole as a potential non-precious metal catalyst for PEMFCs,2013,Py-Fe-corrole/C,0,0,0,0,0,0,0.0095,0.95,,,0,,,,,,,,,,Fe¨Ccorrole/XC-72R,,,,,,,,,,,,,,,,,100,,,,,,,,,,,,,,,,,,,,,,,,,,,,,,,,,,,,,,,,,400,,,,,,,,,,,,,,,,,,,,,,700,20,,,,0,0,,,,,,,,,,,,,,0.98,0.74,,,2,5,2,0.25,,Nafion 212,50,135,2,13,100,0,70,100,150,0.1,330,0,110,0,0.82,0.61,0.55,0.5,0.46,0.43,0.4,0.375,0.355,0.335,0.32,0.3,0.275,0.25,0.225,0.2,0.17619,0.15455,0.13478,0.11667,0.1,0.08462,0.07037,0.05714,0.04483,0.03333,0.02258,0.0125,0.00303
Co nanoparticle embedded in atomically-dispersed Co-N-C nanofibers for oxygen reduction with high activity and remarkable durability,2018,Co@SACo-N-C-20,0,0,0,0,0,0,,,,,0,,,,,,,,,,,,,,,,,,,,,,,,,,,,,,,,,150,,,,,,,,,,,,,,,,,,2000,,,,,,,,,,,,,,,,,,,,,,,,,,,,,,,,,,,,,,,600,2,,,3,0,0,,,900,10,900,0.333,,,,,,,,,,,,0.818,6.25,3,0.4,0.2,Nafion 212,50,135,2,2,100,0,70,400,200,0.2068,360,0,160,0,0.81,0.64,0.58,0.52,0.48,0.43,0.39,0.36,0.34,0.32,0.31,0.3,0.295,0.28,0.225,0.1738,0.12921,0.09003,0.05533,0.02439,0,0,0,0,0,0,0,0,0
Vitalizing fuel cells with vitamins: pyrolyzed vitamin B12 as a non-precious catalyst for enhanced oxygen reduction reaction of polymer electrolyte fuel cells,2012,py-B12/C ,1,0,0,0,0,0.0095,,,,,0,,,,,,,,,,,,,,,,,,,,,,,,,,,,,,,,,,,100,,,,,,,,,,,,,,,,,,,,,,,,,,,,,,,,,400,,,,,,,,,,,,,,,,,,,,,,700,2,,,20,0,0,,,,,,,,,,,,,,,,,,0.5,5,6,0.075,0.3,Nafion 212,50,135,2,13,100,0,70,100,150,0.1,370,0,400,50,0.86,0.75,0.675,0.63,0.6,0.57,0.545,0.505,0.455,0.405,0.34,0.25,0.1678,0.09871,0.03982,0,0,0,0,0,0,0,0,0,0,0,0,0,0
Iron-based cathode catalyst with enhanced power density in polymer electrolyte membrane fuel cells,2011,1/50/50-BP-1050 ¡ãC-60 min,0,0,0,0,0,0,0.0202,2.02,0.024,,0,,,,,,,,,,"BP2000/1,10-Phenanthroline/FeAc",,,,,,,,,10,,,,,,,,,,,,,,,,,,,,,,,,,,,,,,,,,,,,,,,,,,,,,,,,500,,,,500,,,,,,,,,,,,,,,,,950,1,1050,1,,,,0,0,,,,,,,,,,767,0.78879,0.21121,0,,,,,1.5,1,3.9,0.23,0.46,Nafion117,175,140,0.67,19.824,100,0,80,300,300,0.1,450,0,535,60,0.9,0.775,0.725,0.675,0.65,0.6,0.575,0.54,0.51,0.655,0.45,0.405,0.375,0.35,0.325,0.285,0.25,0.225,0.2,0.175,0.15,0.125,0.09,0.06433,0.04108,0.01992,5.85E-04,0,0
Ordered mesoporous porphyrinic carbons with very high electrocatalytic activity for the oxygen reduction reaction,2013,FeCo-OMPC(L),1,0,0,0,0,0.023,0.025,2.5,0.0485,,0,,,,,,,,,,OBMC/FeTMPPCl/CoTMPP,,,,,,,,,,,,,,,,500,,,,,500,,,,,,,,,,,,,,,,,,,,,,,,,,,,,,,,,,,,,,,,,,,,,,,1000,,,,,,,,,,,,1000,3,,,2.5,1,5.625,25,1,,,,,,,,1190,0.66486,0.33514,0,1,0.851,45,24,1.252,25,1.52,0.42,0.6,Nafion 212,50,140,2,40,100,0,80,350,2000,0.2,720,1,513,131,0.98,0.75,0.69,0.65,0.625,0.6,0.585,0.565,0.55,0.535,0.52,0.505,0.495,0.475,0.47,0.46,0.45,0.44031,0.43119,0.4226,0.41449,0.40683,0.39957,0.39269,0.38615,0.37994,0.37403,0.36839,0.36301
Iron-based cathode catalyst with enhanced power density in polymer electrolyte membrane fuel cells,2011,1/20/80-Z8-1050 ¡ãC-15 min,0,0,0.01,0,0,0,0.0358,3.58,0.053,,0,,,,,,,,,,"ZIF-8/1,10-Phenanthroline/FeAc",,,,,,,,,10,,,,,,,,,,,,,,,,,,,,,,,,,800,,,,,,,,,,,,,,,,,,,,,,,200,,,,,,,,,,,,,,,,,,,,,950,0.25,1050,1,,,,0,0,,,,,,,,,,967,0.81563,0.18437,0,,,,,1.5,1,3.9,0.23,0.46,Nafion117,175,140,0.67,19.824,100,0,80,300,300,0.1,910,1,1250,275,0.92,0.85,0.81,0.79,0.77,0.75,0.73,0.705,0.675,0.66,0.65,0.63,0.605,0.595,0.575,0.55,0.54,0.525,0.5,0.475,0.45,0.43,0.4,0.37156,0.34592,0.3227,0.30157,0.28225,0.26452
High performance Pt-free cathode catalysts for polymer electrolyte membrane fuel cells prepared from widely available chemicals,2014,Fe/PI-1000-III-NH3 ,1,0,0,0,0,0,0.011,1.1,0.031,,0,,,,,,,,,,PMDA/ODA/Fe(acac)3,,,,,,,,,,,,,,,,,,0.02,,,,,,,,,,,,,,,,,,,,,,,,,0.98,,,,,,,,,,,,,,,,,,,,,,,,,,,,,,,,,,,800,1,,,,,,1,12,,,,,1000,1,,,,1050,0.8038,0.1961,0,0.91,0.76,,,0.6,1,4,0.4,,Nafion 211,25,150,2,3,100,0,80,300,300,0.2,600,0,1000,200,1,0.85,0.8,0.78,0.75,0.74,0.71,0.7,0.675,0.645,0.6,0.55783,0.52065,0.48762,0.45808,0.43151,0.40749,0.38565,0.36573,0.34747,0.33067,0.31517,0.30083,0.28751,0.27512,0.26355,0.25273,0.24259,0.23307
"High-Performance Electrocatalysts for Oxygen Reduction Derived from Polyaniline, Iron, and Cobalt",2011,PANI-Fe-C,0,0,0,0,0,0,,,,,0,,,,,,,,,,EC 300J/aniline/ammonium peroxydisulfate/FeCl3,,,,,,,,,,,,,,,,,,,,,,,,,,,,,,,,,,,,,,,,,,,,,,,,,,,,,,,,,,,,,,,,,,,,,,,,,,,,,,,,,,,,,,0,,,,,,,,,,,,,,0.92,0.81,,10,,5,4,0.25,,Nafion 115,125,,,,100,,85,200,400,0.28,286,0,352,43,0.968,0.676,0.619,0.566,0.529,0.489,0.448,0.401,0.358,0.31765,0.28197,0.25021,0.22174,0.19609,0.17285,0.1517,0.13237,0.11463,0.0983,0.08321,0.06923,0.05624,0.04414,0.03284,0.02226,0.01234,0.00301,0,0
Role of two carbon phases in oxygen reduction reaction on the Co¨CPPy¨CC catalyst,2014,Co-Ppy-C,0,0,0,0,0,0,,,,,0,,,,,,,,,,Co(NO3)2.6H2O/NH4)2S2O8/pyrrole/EC300,,,,,,,,,,,,,,,,,,,,,,,,,200,,,,,,,,,,,,,,,,,,,,300,,,,,,,,,,,,,,,,,,,,,,,,500,,,,,,,,,,,900,1,,,,1,0.5,80,8,,,,,,,,61,,,,0.85,0.68,,,0.6,5,3,0.25,,Nafion212,50,,,,100,0,80,200,200,0.2,297,0,180,0,0.8,0.65,0.58,0.51,0.48,0.43,0.4,0.38,0.35,0.31,0.29,0.27,0.24,0.21,0.18156,0.15592,0.1327,0.11157,0.09225,0.07452,0.0582,0.04312,0.02915,0.01617,0.00407,0,0,0,0
Phenylenediamine-Based FeNx/C Catalyst with High Activity for Oxygen Reduction in Acid Medium and Its Active-Site Probing,2014,PmPDA-FeNx/C,0,0,0,0,0,0,0.0074,0.74,0.03643,,0,,,,,,,,,,PmPDA-KJ600/FeCl3,,,,,,1.459,,,,,,,,,,,,,,,,,,,,,,,,,,,,,,,,,,,,,,,,,,,,,,,,,,,,,,,,,,,,,,,,,,,,,,,3600,,,950,1,,,,1,1,80,8,950,3,,,,,,656,0.75914,0.2408,0,0.94,0.82,,,1.5,2,4,0.5,0.6,Nafion 211,25,,,,100,0,80,300,300,0,340,0,450,75,0.92,0.77,0.72,0.67,0.62,0.58,0.53,0.49,0.435,0.375,0.32,0.27,0.2233,0.18239,0.14625,0.1141,0.0853,5.94E-02,0.03588,0.01452,0,0,0,0,0,0,0,0,0
"High-Performance Electrocatalysts for Oxygen Reduction Derived from Polyaniline, Iron, and Cobalt",2011,PANI-FeCo-C(1),0,0,0,0,0,0,,,,,0,,,,,,,,,,EC 300J/aniline/ammonium peroxydisulfate/Co(NO3)2?6H2O/FeCl3,,,,,,,,,,,,,,,,,,,,,,,,,,,,,,,,,,,,,,,,,,,,,,,,,,,,,,,,,,,,,,,,,,,,,,,,,,,,,,,,700,1,,,,1,0.5,80,8,400,3,,,,,,,,,,,,,,,5,4,0.25,,Nafion 115,125,,,,100,,85,200,400,0.28,434,0,568,63.6,0.946,0.718,0.678,0.641,0.615,0.586,0.553,0.534,0.509,0.483,0.45826,0.43581,0.41535,0.39662,0.37941,0.36355,0.34887,0.33526,0.32261,0.3108,0.29977,0.28944,0.27974,0.27061,0.26202,0.25391,0.24624,0.23897,0.23209
Highly Active Porous Carbon-Supported Nonprecious Metal-N Electrocatalyst for Oxygen Reduction Reaction in PEM Fuel Cells,2010,FeCo-EDA-KJ600R,1,0,0,0,0,0.0431,0.0414,4.14,0.0218,0.03576,0,,,,,,,,,,,,,,,,,,250,,,,,,,,,,,,,,250,,,,,,,,,,,,,,,,1800,,,,,,,,,,,,,,,,,,,,,,500,,,,,,,,,,,,,,,,,,,,900,,,,20,1,1,25,8,,,,,,,,483.7,0.28139,0.71861,0,0.89,0.72,,,1,,4,,,Nafion 212,50,,,,100,1,80,120,300,0.2068,440,0,370,40,0.89,0.72,0.68,0.63,0.595,0.56,0.525,0.5,0.47,0.43,0.405,0.39,0.36,0.34,0.31,0.285,0.25,0.21,0.17238,0.13898,0.10914,0.0823,0.05805,0.03602,0.01592,0,0,0,0
Facile and Gram-scale Synthesis of Metal-free Catalysts: Toward Realistic Applications for Fuel Cells,2015,g-CN-CNT-700,0,0,0,0,0,0,,,,,0,,,,,,,,,,g-CN/CNT,,,,,,,,,,,,,,,,,,,,,,,,,,,,,,,,,,,,,,,,,,,,,,,,,,,,,,,70,,,,,100,,,,,,,,,,,,,,,,,,,,700,0.5,,,100,0,0,,,,,,,,,,,,,,0.75,0.42,,,,5,5,0.2,0.4,Nafion 212,50,,,,100,1,25,,,,464,0,649,90,,0.78,0.73,0.7,0.67,0.64,0.62,0.58,0.54,0.5,0.46,0.424,0.37,0.34,0.305,0.27195,0.24241,0.21583,0.19179,0.16995,0.15001,0.13175,0.11495,0.09945,0.0851,0.07178,0.05938,0.04781,0.03698
Preparation of non-precious metal catalysts for PEMFC cathode from pyrolyzed vitamin B12,2012,Py-B12/C-700,1,0,0,0,0,0,,,,,0,,,,,,,,,,Cyanocobalamin/XC-72,,,,,,,,,,,,,,,,,,,,,,,,,,,,,,,,,,,,,,,,,,,,,,,,,,,,,,,,,,,,,,,,,,,,,,,,,,,,,,,,700,2,,,,,0,,,,,,,,,,,,,,,,,,0.5,5,10,0.25,,Nafion 211,25,,,,100,,70,100,150,0.1,540,0,920,66,0.852,0.777,0.731,0.708,0.697,0.694,0.689,0.678,0.651,0.616,0.56,0.2489,0.20358,0.1638,0.1286,0.09724,0.06912,0.04375,0.02077,0.00E+00,0.00E+00,0.00E+00,0.00E+00,0.00E+00,0.00E+00,0.00E+00,0.00E+00,0.00E+00,0.00E+00
"High-Performance Electrocatalysts for Oxygen Reduction Derived from Polyaniline, Iron, and Cobalt",2011,PANI-FeCo-C(2),0,0,0,0,0,0,,,,,0,,,,,,,,,,EC 300J/aniline/ammonium peroxydisulfate/Co(NO3)2?6H2O/FeCl3/EDA,,,,,,,,,,,,,,,,,,,,,,,,,,,,,,,,,,,,,,,,,,,,,,,,,,,,,,,,,,,,,,,,,,,,,,,,,,,,,,,,900,1,,,,1,0.5,80,8,,,,,,,,,,,,,,,,,5,4,0.25,,Nafion 115,125,,,,100,,85,200,400,0.28,550,0,671,107,0.941,0.761,0.719,0.675,0.646,0.618,0.583,0.549,0.526,0.481,0.43883,0.40165,0.36862,0.33908,0.31251,0.28849,0.26665,0.24673,0.22847,0.21167,0.19617,0.18183,0.16851,0.15612,0.14455,0.13373,0.12359,0.11407,0.1051
Critical advancements in achieving high power and stable nonprecious metal catalyst¨Cbased MEAs for real-world proton exchange membrane fuel cell applications,2018,CA#1,0,0,0,0,0,0,0.0088,0.88,0.0162,0.0712,0,,,,,,,,,,polyacrylonitrile-polymethacrylic acid copolymer/2-methylimidazole/ZnCl2,,,,,,,,,,,,,187,,,,,,,,,,,,,,,,,5780,,1000,,,,,,,,,,,,,,1000,,,,,,,,,,,,,,,,,,,,,,,,,,,,,,,,,,1100,1,,,,1,12,25,0.5,700,1,,,,,,1085,0.913,0.086,0,,,,,0.67,50,1,0.1,,Nafion 211,25,,,,100,,75,,,0.173,645,0,550,50,0.82,0.75,0.7,0.66,0.64,0.61,0.585,0.56,0.54,0.53,0.505,0.49,0.47,0.45,0.44,0.43,0.42031,0.41119,0.4026,0.39449,0.38683,0.37957,0.37269,0.36615,0.35994,0.35403,0.34839,0.34301,0.33787
Critical advancements in achieving high power and stable nonprecious metal catalyst¨Cbased MEAs for real-world proton exchange membrane fuel cell applications,2018,CA#1,0,0,0,0,0,0,0.0088,0.88,0.0162,0.0712,0,,,,,,,,,,polyacrylonitrile-polymethacrylic acid copolymer/2-methylimidazole/ZnCl2,,,,,,,,,,,,,187,,,,,,,,,,,,,,,,,5780,,1000,,,,,,,,,,,,,,1000,,,,,,,,,,,,,,,,,,,,,,,,,,,,,,,,,,1100,1,,,,1,12,25,0.5,700,1,,,,,,1085,0.913,0.086,0,,,,,0.67,50,2.5,0.1,,Nafion 211,25,,,,100,,75,,,0.173,663,0,750,150,0.9,0.82,0.78,0.74,0.705,0.685,0.66,0.63,0.615,0.595,0.575,0.55,0.53,0.51,0.49086,0.47328,0.4571,0.44214,0.42827,0.41539,0.41539,0.40338,0.39216,0.38166,0.3718,0.36254,0.35382,0.34559,0.33781
Critical advancements in achieving high power and stable nonprecious metal catalyst¨Cbased MEAs for real-world proton exchange membrane fuel cell applications,2018,CA#1,0,0,0,0,0,0,0.0088,0.88,0.0162,0.0712,0,,,,,,,,,,polyacrylonitrile-polymethacrylic acid copolymer/2-methylimidazole/ZnCl2,,,,,,,,,,,,,187,,,,,,,,,,,,,,,,,5780,,1000,,,,,,,,,,,,,,1000,,,,,,,,,,,,,,,,,,,,,,,,,,,,,,,,,,1100,1,,,,1,12,25,0.5,700,1,,,,,,1085,0.913,0.086,0,,,,,0.67,50,4,0.1,,Nafion 211,25,,,,100,,75,,,0.173,678,0,900,150,0.9,0.82,0.78,0.74,0.705,0.68,0.64,0.615,0.595,0.57,0.55,0.53,0.505,0.49,0.465,0.45,0.43556,0.42216,0.40968,0.39805,0.38717,0.37697,0.35839,0.34989,0.34188,0.33429,0.32711,0.3203,0.31383
Boosting Oxygen Reduction Catalysis with Fe-N4 Sites Decorated Porous Carbons toward Fuel Cells,2020,FeSAs/N-C,1,0,0,0,0,0,0.035,3.5,,,0,,,,,,,,,,PEI/C3N4/FeCl2/,,,,,21.167,,,,,,,,,,,,,,,,,,,,,,,,,,,,,,,,,,,,,,,,,,,,,,,200,150,,,,99.11,,,,,,,,,,,,,,,,,,,,,,,100,1,,,5,0,0,,,,,,,,,,1097,0.05539,0.94,0,0.95,0.798,9,,1,12.25,1.5,0.2,0.4,Nafion 211,25,,,,100,0,80,,,0.1,680,0,610,25,0.81,0.77,0.71,0.69,0.66,0.645,0.63,0.61,0.6,0.59,0.575,0.56,0.545,0.53,0.52,0.5,0.46,0.43,0.4,0.37156,0.34592,0.3227,0.30157,0.28225,0.26452,0.2482,0.23312,0.21915,0.20617
Boosting Oxygen Reduction Catalysis with Fe-N4 Sites Decorated Porous Carbons toward Fuel Cells,2020,FeSAs/N-C,1,0,0,0,0,0,0.035,3.5,,,0,,,,,,,,,,PEI/C3N4/FeCl2/,,,,,21.167,,,,,,,,,,,,,,,,,,,,,,,,,,,,,,,,,,,,,,,,,,,,,,,200,150,,,,99.11,,,,,,,,,,,,,,,,,,,,,,,100,1,,,5,0,0,,,,,,,,,,1097,0.05539,0.94,0,0.95,0.798,9,,1,12.25,1.5,0.2,0.4,Nafion 211,25,,,,100,0,80,,,0.2,750,1,760,50,0.91,0.745,0.7,0.67,0.64,0.62,0.6,0.59,0.575,0.56,0.55,0.53,0.51,0.5,0.49,0.45,0.41,0.39,0.37086,0.35328,0.3371,0.32214,0.30827,0.29539,0.28338,0.27216,0.26166,0.2518,0.24254
Critical advancements in achieving high power and stable nonprecious metal catalyst¨Cbased MEAs for real-world proton exchange membrane fuel cell applications,2018,CA#1,0,0,0,0,0,0,0.0088,0.88,0.0162,0.0712,0,,,,,,,,,,polyacrylonitrile-polymethacrylic acid copolymer/2-methylimidazole/ZnCl2,,,,,,,,,,,,,187,,,,,,,,,,,,,,,,,5780,,1000,,,,,,,,,,,,,,1000,,,,,,,,,,,,,,,,,,,,,,,,,,,,,,,,,,1100,1,,,,1,12,25,0.5,700,1,,,,,,1085,0.913,0.086,0,,,,,0.54,50,4,0.1,,Nafion 211,25,,,,100,,75,,,0.173,750,1,1000,200,0.93,0.85,0.8,0.765,0.73,0.705,0.685,0.66,0.64,0.62,0.6,0.575,0.55,0.53,0.51,0.5,0.44031,0.43119,0.4226,0.41449,0.40683,0.39957,0.39269,0.38615,0.37994,0.37403,0.36839,0.36301,0.35787
Design of NCoordinated Dual-Metal Sites: A Stable and Active PtFree Catalyst for Acidic Oxygen Reduction Reaction,2017,"(Fe,Co)N-C",1,0,0,0,0,0.0117,0.0093,0.93,0.09069,,0,,,,,,,,,,ZIF-8/FeCl3.6H2O/Co(NO3)2.6H2O,,,,,,1.5,,,,,,,,,,,,,,,,388.13,,,,,,,396.66546,,,437.89592,,,,,,,,,,,,,,,,,,,,,,,,,,,,,,,,,,,,,,,,,,,,,,,,900,2,,,5,0,0,,,,,,,,,,,,,,1.06,0.863,,,2.355,25,0.77,0.1,0.2,home-made Aquivion/ePTFE composite membrane,,,,,100,1,80,,,0.1,850,1,700,100,0.95,0.765,0.73,0.7,0.665,0.635,0.62,0.6,0.58,0.56,0.55,0.535,0.525,0.503,0.5,0.48,0.465,0.45,0.43,0.42,0.41,0.4,0.385,0.36,0.35,0.34,0.325,0.31,0.29556
Design of NCoordinated Dual-Metal Sites: A Stable and Active PtFree Catalyst for Acidic Oxygen Reduction Reaction,2017,"(Fe,Co)N-C",1,0,0,0,0,0.0117,0.0093,0.93,0.09069,,0,,,,,,,,,,ZIF-8/FeCl3.6H2O/Co(NO3)2.6H2O,,,,,,1.5,,,,,,,,,,,,,,,,388.13,,,,,,,396.66546,,,437.89592,,,,,,,,,,,,,,,,,,,,,,,,,,,,,,,,,,,,,,,,,,,,,,,,900,2,,,5,0,0,,,,,,,,,,,,,,1.06,0.863,,,2.355,25,0.77,0.1,0.2,home-made Aquivion/ePTFE composite membrane,,,,,100,1,80,,,0.2,980,1,900,150,0.95,0.81,0.77,0.74,0.715,0.69,0.665,0.64,0.625,0.603,0.59,0.57,0.55,0.535,0.52,0.51,0.5,0.49,0.47,0.455,0.44,0.43,0.41,0.4,0.39,0.38,0.37,0.36031,0.35119
